T,nh,year,villid,thanaid,agehead,sexhead,educhead,famsize,hhland,hhasset,expfd,expnfd,exptot,dmmfd,dfmfd,vaccess,pcirr,rice,wheat,milk,potato,egg,oil,vill,D
1,11054,1998,1,1,79,1,0,2,36,33295,8262.958,1240.3574,9503.3154,0,1,1,.44999999,12.631389,8.1201782,11.503587,8.5474281,2.1992149,40.600895,1,1
1,11101,1998,1,1,48,1,0,7,8,16755,4080.9697,1252.9243,5333.894,0,1,1,.44999999,12.631389,8.1201782,11.503587,8.5474281,2.1992149,40.600895,1,1
1,12021,1998,33,1,35,1,10,5,10,18795,7031.5337,17638.516,24670.049,0,1,1,.2,10.150224,6.0901341,10.826905,6.8684692,2.0300446,43.307621,33,1
0,12051,1998,33,1,26,1,2,3,1,5142.7798,4824.9653,1167.0498,5992.0151,0,0,1,.2,10.150224,6.0901341,10.826905,6.8684692,2.0300446,43.307621,33,0
1,12081,1998,33,1,35,1,0,7,10,26160,4691.1431,2118.3032,6809.4463,0,1,1,.2,10.150224,6.0901341,10.826905,6.8684692,2.0300446,43.307621,33,1
0,13054,1998,65,1,28,1,0,4,4,12978.753,1783.3943,485.51904,2268.9133,0,0,0,.75,9.0224209,6.0901341,10.826905,6.1053057,2.0300446,40.600895,65,0
1,13091,1998,65,1,70,1,0,4,19,34010,3259.575,6084.8896,9344.4648,1,0,0,.75,9.0224209,6.0901341,10.826905,6.1053057,2.0300446,40.600895,65,1
1,13101,1998,65,1,55,1,0,4,19,32460,3524.1575,755.34595,4279.5034,0,1,0,.75,9.0224209,6.0901341,10.826905,6.1053057,2.0300446,40.600895,65,1
1,13121,1998,65,1,36,1,0,4,8,11615,3074.8411,2156.5842,5231.4253,0,1,0,.75,9.0224209,6.0901341,10.826905,6.1053057,2.0300446,40.600895,65,0
1,22021,1998,34,2,37,1,0,5,18,13020,2264.447,605.76563,2870.2126,0,1,1,.85000002,9.0224209,6.0901341,8.1201782,6.1053057,1.6917039,35.187439,34,1
0,22024,1998,34,2,50,1,0,7,1.5,1353.3632,1301.7419,245.24878,1546.9907,0,0,1,.85000002,9.0224209,6.0901341,8.1201782,6.1053057,1.6917039,35.187439,34,0
1,22031,1998,34,2,37,1,0,4,10,6020,2127.8252,453.20752,2581.0327,0,1,1,.85000002,9.0224209,6.0901341,8.1201782,6.1053057,1.6917039,35.187439,34,1
0,22044,1998,34,2,55,1,0,6,5,3498.4438,1571.4801,166.12524,1737.6053,0,0,1,.85000002,9.0224209,6.0901341,8.1201782,6.1053057,1.6917039,35.187439,34,0
0,22054,1998,34,2,40,1,0,2,1,947.35419,2599.8105,1810.7998,4410.6104,0,0,1,.85000002,9.0224209,6.0901341,8.1201782,6.1053057,1.6917039,35.187439,34,0
1,22091,1998,34,2,41,1,0,4,11,6190,1318.1757,521.0448,1839.2205,0,1,1,.85000002,9.0224209,6.0901341,8.1201782,6.1053057,1.6917039,35.187439,34,1
1,22121,1998,34,2,53,0,0,1,1,1,3093.7881,420.21924,3514.0073,0,1,1,.85000002,9.0224209,6.0901341,8.1201782,6.1053057,1.6917039,35.187439,34,1
0,23044,1998,66,2,55,1,0,8,16,16868.316,1085.9047,107.42322,1193.3279,0,0,1,.75,10.150224,6.0901341,8.1201782,6.8684692,1.6917039,35.187439,66,0
0,23054,1998,66,2,27,1,0,3,1,1119.908,1428.0236,244.95874,1672.9823,0,0,1,.75,10.150224,6.0901341,8.1201782,6.8684692,1.6917039,35.187439,66,0
0,31014,1998,3,3,42,1,10,8,3,272465.84,3921.0313,1555.522,5476.5532,0,0,1,.15000001,9.6991024,6.0901341,13.533631,6.5632038,2.0300446,37.894169,3,0
0,31024,1998,3,3,50,1,12,6,32,1355562.5,5295.71,3779.2666,9074.9766,0,0,1,.15000001,9.6991024,6.0901341,13.533631,6.5632038,2.0300446,37.894169,3,0
1,31091,1998,3,3,50,1,3,6,4.5,98800,3732.1245,552.62305,4284.7476,0,1,1,.15000001,9.6991024,6.0901341,13.533631,6.5632038,2.0300446,37.894169,3,0
1,31101,1998,3,3,35,1,0,4,1,16845,3725.8086,735.89111,4461.6997,0,1,1,.15000001,9.6991024,6.0901341,13.533631,6.5632038,2.0300446,37.894169,3,1
0,31111,1998,3,3,70,1,4,9,12,704229.31,6638.3965,937.57959,7575.9761,0,0,1,.15000001,9.6991024,6.0901341,13.533631,6.5632038,2.0300446,37.894169,3,0
0,32014,1998,35,3,70,1,0,2,3.25,217864.41,6810.7998,1596.9688,8407.7686,0,0,1,.1,9.6991024,6.0901341,13.533631,6.5632038,2.0300446,37.894169,35,0
0,32044,1998,35,3,32,1,3,5,1,7781.8379,3020.7065,529.16479,3549.8713,0,0,1,.1,9.6991024,6.0901341,13.533631,6.5632038,2.0300446,37.894169,35,0
0,32064,1998,35,3,40,1,12,9,176,594667.81,4851.356,1652.6064,6503.9624,0,0,1,.1,9.6991024,6.0901341,13.533631,6.5632038,2.0300446,37.894169,35,0
1,32121,1998,35,3,66,0,0,5,6,54780,8804.4395,16172.688,24977.127,0,1,1,.1,9.6991024,6.0901341,13.533631,6.5632038,2.0300446,37.894169,35,1
0,33034,1998,67,3,65,0,0,2,2,35099.473,5935.1738,876.30273,6811.4766,0,0,1,.40000001,10.375784,6.7668157,13.533631,7.0211015,2.0300446,40.600895,67,1
0,33064,1998,67,3,35,1,0,18,342,384456.63,3221.9065,785.70239,4007.6089,0,0,1,.40000001,10.375784,6.7668157,13.533631,7.0211015,2.0300446,40.600895,67,0
1,33131,1998,67,3,35,1,0,6,1.5,23100,3465.512,911.2644,4376.7764,1,0,1,.40000001,10.375784,6.7668157,13.533631,7.0211015,2.0300446,40.600895,67,1
0,33141,1998,67,3,25,1,0,3,1,575.17932,4284.7476,765.77783,5050.5254,0,0,1,.40000001,10.375784,6.7668157,13.533631,7.0211015,2.0300446,40.600895,67,1
1,41011,1998,4,4,48,1,2,9,8,15405,1403.2872,278.19128,1681.4785,0,1,1,.69999999,9.3607616,8.1201782,8.1201782,6.3342547,1.3533632,40.600895,4,1
0,41054,1998,4,4,40,1,0,5,10,26979.297,2265.5298,265.80054,2531.3303,0,0,1,.69999999,9.3607616,8.1201782,8.1201782,6.3342547,1.3533632,40.600895,4,0
0,42034,1998,36,4,60,1,4,5,78,54188.656,3845.1753,871.56592,4716.7412,0,0,1,.60000002,10.375784,7.4434972,8.1201782,7.0211015,1.3533632,47.36771,36,0
1,42041,1998,36,4,45,1,0,6,3,10170,2099.5173,685.13989,2784.6572,1,0,1,.60000002,10.375784,7.4434972,8.1201782,7.0211015,1.3533632,47.36771,36,0
0,42044,1998,36,4,28,1,0,4,12.5,19894.438,2392.7461,378.0957,2770.8418,0,0,1,.60000002,10.375784,7.4434972,8.1201782,7.0211015,1.3533632,47.36771,36,0
1,42112,1998,36,4,35,1,0,4,2,17280,2999.3909,635.23486,3634.6257,1,0,1,.60000002,10.375784,7.4434972,8.1201782,7.0211015,1.3533632,47.36771,36,1
0,43024,1998,68,4,27,1,0,4,9,89254.297,2062.8638,773.10864,2835.9724,0,0,1,.60000002,9.0224209,7.4434972,8.1201782,6.1053057,1.6917039,47.36771,68,0
0,43044,1998,68,4,37,1,6,4,33,47585,4787.8604,2306.6382,7094.4985,0,0,1,.60000002,9.0224209,7.4434972,8.1201782,6.1053057,1.6917039,47.36771,68,0
1,43051,1998,68,4,40,1,0,6,7,29700,3072.1343,1736.252,4808.3862,0,1,1,.60000002,9.0224209,7.4434972,8.1201782,6.1053057,1.6917039,47.36771,68,1
1,43111,1998,68,4,37,1,5,4,1,805,2313.5742,964.27124,3277.8455,0,1,1,.60000002,9.0224209,7.4434972,8.1201782,6.1053057,1.6917039,47.36771,68,1
1,43121,1998,68,4,40,0,0,2,2,9570,3131.6821,962.57959,4094.2617,0,1,1,.60000002,9.0224209,7.4434972,8.1201782,6.1053057,1.6917039,47.36771,68,1
0,51014,1998,5,5,28,1,0,2,4,11043.443,4345.6489,703.74902,5049.3979,0,0,0,.5,9.4735422,6.7668157,10.150224,6.4105711,2.0300446,37.217487,5,0
0,51044,1998,5,5,28,1,3,3,150,311476.5,8969.1885,1594.7129,10563.901,0,0,0,.5,9.4735422,6.7668157,10.150224,6.4105711,2.0300446,37.217487,5,0
1,51111,1998,5,5,50,1,0,6,10,27900,2403.1216,415.03149,2818.1531,0,1,0,.5,9.4735422,6.7668157,10.150224,6.4105711,2.0300446,37.217487,5,1
0,53024,1998,69,5,35,1,0,3,10,38449.047,6509.6768,2208.2373,8717.9141,0,0,1,.050000001,15.450896,6.7668157,10.826905,10.455337,2.3683856,43.307621,69,0
0,61044,1998,6,6,40,1,0,6,4,32345.379,2341.3181,777.05615,3118.3743,0,0,1,.60000002,10.150224,9.4735422,16.240356,6.8684692,2.5375559,37.894169,6,1
1,61121,1998,6,6,60,1,0,8,39,77550,3116.1187,475.36865,3591.4873,0,1,1,.60000002,10.150224,9.4735422,16.240356,6.8684692,2.5375559,37.894169,6,1
0,62034,1998,38,6,30,1,0,3,3,22364.326,3741.1467,418.41479,4159.5615,0,0,1,.64999998,9.9246626,8.1201782,16.240356,6.715836,2.7067263,37.894169,38,1
1,62041,1998,38,6,40,1,0,4,4,24970,4752.3345,473.67725,5226.0117,0,1,1,.64999998,9.9246626,8.1201782,16.240356,6.715836,2.7067263,37.894169,38,1
0,62051,1998,38,6,25,1,0,4,2,2842.0627,2673.5688,321.42383,2994.9927,0,0,1,.64999998,9.9246626,8.1201782,16.240356,6.715836,2.7067263,37.894169,38,0
1,62071,1998,38,6,45,1,4,4,3,20600,5452.7002,1336.4458,6789.146,0,1,1,.64999998,9.9246626,8.1201782,16.240356,6.715836,2.7067263,37.894169,38,1
1,62091,1998,38,6,40,1,0,7,5,35000,3846.6445,757.8833,4604.5278,0,1,1,.64999998,9.9246626,8.1201782,16.240356,6.715836,2.7067263,37.894169,38,1
0,63044,1998,70,6,40,1,0,8,7,109595.35,2176.2078,239.37622,2415.584,0,0,1,.69999999,13.08251,8.1201782,13.533631,8.8526936,2.5375559,33.834076,70,0
1,63051,1998,70,6,57,1,8,3,4,74750,6728.0195,877.42969,7605.4492,0,1,1,.69999999,13.08251,8.1201782,13.533631,8.8526936,2.5375559,33.834076,70,0
1,63091,1998,70,6,40,1,5,4,1,15900,3886.8589,279.13086,4165.9897,0,1,1,.69999999,13.08251,8.1201782,13.533631,8.8526936,2.5375559,33.834076,70,1
1,71031,1998,7,7,75,1,0,12,13,48150,2491.0903,758.44727,3249.5376,0,1,1,.89999998,10.826905,8.7968597,9.4735422,7.3263669,2.0300446,40.600895,7,1
0,71054,1998,7,7,60,1,0,5,20,158066.03,4275.5444,1898.498,6174.0425,0,0,1,.89999998,10.826905,8.7968597,9.4735422,7.3263669,2.0300446,40.600895,7,0
1,71101,1998,7,7,45,0,3,1,1,3375,6958.9932,6949.5195,13908.513,0,1,1,.89999998,10.826905,8.7968597,9.4735422,7.3263669,2.0300446,40.600895,7,1
0,72014,1998,39,7,55,1,8,8,24,789755.06,7056.9429,8566.7891,15623.731,0,0,1,.89999998,10.826905,8.7968597,9.4735422,7.3263669,1.6917039,43.307621,39,0
0,72021,1998,39,7,28,1,0,3,1,947.35419,3867.0095,1604.863,5471.8726,0,0,1,.89999998,10.826905,8.7968597,9.4735422,7.3263669,1.6917039,43.307621,39,0
1,72024,1998,39,7,45,0,0,5,1.5,5481.5,2616.3215,665.98999,3282.3115,0,1,1,.89999998,10.826905,8.7968597,9.4735422,7.3263669,1.6917039,43.307621,39,1
1,72061,1998,39,7,42,1,0,6,2,7500,6440.6548,4116.479,10557.134,0,1,1,.89999998,10.826905,8.7968597,9.4735422,7.3263669,1.6917039,43.307621,39,1
1,72071,1998,39,7,42,1,0,6,1,26850,5792.394,3773.6274,9566.0215,0,1,1,.89999998,10.826905,8.7968597,9.4735422,7.3263669,1.6917039,43.307621,39,1
1,72091,1998,39,7,38,1,0,7,21,94825,4126.2109,2686.3286,6812.5396,0,1,1,.89999998,10.826905,8.7968597,9.4735422,7.3263669,1.6917039,43.307621,39,1
1,72121,1998,39,7,80,1,0,5,4,29450,3239.9512,881.58057,4121.5317,0,1,1,.89999998,10.826905,8.7968597,9.4735422,7.3263669,1.6917039,43.307621,39,1
1,73031,1998,71,7,68,1,0,6,1,2185,2765.823,386.04712,3151.8701,1,0,1,.94999999,9.3607616,6.7668157,8.1201782,6.3342547,1.6917039,43.307621,71,1
0,73064,1998,71,7,56,0,0,5,48,69089.188,3703.3428,954.79736,4658.1401,0,0,1,.94999999,9.3607616,6.7668157,8.1201782,6.3342547,1.6917039,43.307621,71,0
1,73091,1998,71,7,40,1,0,2,1,1280,5255.1089,1049.5332,6304.6421,0,1,1,.94999999,9.3607616,6.7668157,8.1201782,6.3342547,1.6917039,43.307621,71,1
0,81011,1998,8,8,58,1,3,4,7.5100002,17640,2089.2544,839.08496,2928.3394,0,0,1,.97000003,13.984752,8.1201782,9.4735422,9.4632235,2.0300446,37.894169,8,0
0,81041,1998,8,8,42,1,4,5,10,17660,3686.8318,399.24194,4086.0737,0,0,1,.97000003,13.984752,8.1201782,9.4735422,9.4632235,2.0300446,37.894169,8,0
0,81054,1998,8,8,38,1,0,5,25,33556.637,2353.2278,387.06201,2740.2898,0,0,1,.97000003,13.984752,8.1201782,9.4735422,9.4632235,2.0300446,37.894169,8,0
1,81071,1998,8,8,36,1,0,5,5.625,10250,4043.5784,462.17358,4505.752,1,0,1,.97000003,13.984752,8.1201782,9.4735422,9.4632235,2.0300446,37.894169,8,1
1,82024,1998,40,8,38,1,2,5,1,3330,2543.24,778.18359,3321.4236,0,1,1,.99000001,13.533631,8.1201782,10.826905,9.157959,2.0300446,37.894169,40,1
1,82091,1998,40,8,40,1,0,5,1,3040,2510.7593,420.21924,2930.9785,0,1,1,.99000001,13.533631,8.1201782,10.826905,9.157959,2.0300446,37.894169,40,1
1,82111,1998,40,8,52,1,0,5,32.5,67240,2205.9819,1079.3071,3285.2891,1,0,1,.99000001,13.533631,8.1201782,10.826905,9.157959,2.0300446,37.894169,40,1
1,83011,1998,72,8,58,1,0,4,1,9050,4410.6104,656.71924,5067.3296,1,0,1,.98000002,13.30807,7.4434972,10.826905,9.0053253,2.0300446,37.894169,72,0
1,83041,1998,72,8,54,1,0,4,7,21370,3159.4263,839.93091,3999.3572,0,1,1,.98000002,13.30807,7.4434972,10.826905,9.0053253,2.0300446,37.894169,72,1
1,83091,1998,72,8,42,1,0,9,5,50520,2030.9469,633.07312,2664.02,1,0,1,.98000002,13.30807,7.4434972,10.826905,9.0053253,2.0300446,37.894169,72,1
1,83111,1998,72,8,49,1,0,3,5.0099998,5006,2868.2275,954.12085,3822.3484,1,0,1,.98000002,13.30807,7.4434972,10.826905,9.0053253,2.0300446,37.894169,72,1
0,91044,1998,9,9,36,1,5,7,23.5,51820.273,2800.3015,762.23364,3562.5352,0,0,1,.89999998,10.826905,7.4434972,6.7668157,7.3263669,1.6917039,37.894169,9,0
1,92034,1998,41,9,45,1,0,6,3,7490,2384.8513,600.66772,2985.519,1,0,1,.94,9.6991024,6.7668157,6.7668157,6.5632038,1.6917039,40.600895,41,1
1,92092,1998,41,9,36,1,1,12,3,15500,3260.9285,1128.4792,4389.4077,1,0,1,.94,9.6991024,6.7668157,6.7668157,6.5632038,1.6917039,40.600895,41,1
0,93024,1998,73,9,29,1,0,3,11,8424.6846,2778.9055,649.16333,3428.0688,0,0,1,.94,10.150224,7.4434972,6.7668157,6.8684692,1.3533632,40.600895,73,0
0,93034,1998,73,9,66,1,0,5,40,30491.271,2244.0112,293.00317,2537.0144,0,0,1,.94,10.150224,7.4434972,6.7668157,6.8684692,1.3533632,40.600895,73,0
0,93054,1998,73,9,66,1,2,2,20,13909.189,1854.1074,218.22974,2072.3372,0,0,1,.94,10.150224,7.4434972,6.7668157,6.8684692,1.3533632,40.600895,73,1
0,101044,1998,10,10,65,1,0,6,20,29570.986,2579.0588,415.93384,2994.9927,0,0,1,.76999998,8.5712996,8.1201782,8.1201782,5.8000402,1.6917039,43.307621,10,0
0,102014,1998,42,10,28,1,5,3,6,12484.775,3798.4392,475.93237,4274.3716,0,0,1,.75,8.5712996,8.1201782,8.1201782,5.8000402,1.6917039,43.307621,42,0
1,102034,1998,42,10,55,1,0,6,4,9500,3711.3726,1083.2544,4794.627,1,0,1,.75,8.5712996,8.1201782,8.1201782,5.8000402,1.6917039,43.307621,42,1
1,102052,1998,42,10,50,1,0,6,7,7700,3757.8384,1070.7354,4828.5737,1,0,1,.75,8.5712996,8.1201782,8.1201782,5.8000402,1.6917039,43.307621,42,1
1,102092,1998,42,10,55,1,0,5,10,10950,3889.0244,2436.5947,6325.6191,1,0,1,.75,8.5712996,8.1201782,8.1201782,5.8000402,1.6917039,43.307621,42,1
1,103034,1998,74,10,60,1,0,7,48,50100,2381.1458,646.71411,3027.8599,1,0,1,.75,8.5712996,8.1201782,8.1201782,5.8000402,1.6917039,23.007174,74,1
1,103042,1998,74,10,42,1,5,5,18,40440,4667.4785,1592.9082,6260.3867,0,1,1,.75,8.5712996,8.1201782,8.1201782,5.8000402,1.6917039,23.007174,74,1
1,111022,1998,11,11,45,1,1,7,5,15770,3332.7534,636.08081,3968.8342,1,0,1,.1,10.263003,9.4735422,12.180268,6.9447851,1.6917039,40.600895,11,1
1,111032,1998,11,11,42,1,0,5,6,6705,6226.5527,2974.8271,9201.3799,1,0,1,.1,10.263003,9.4735422,12.180268,6.9447851,1.6917039,40.600895,11,1
1,111062,1998,11,11,63,1,1,8,3,16082,3140.479,932.97485,4073.4539,1,0,1,.1,10.263003,9.4735422,12.180268,6.9447851,1.6917039,40.600895,11,1
1,112014,1998,43,11,25,1,0,3,7,27220,4036.1797,592.09668,4628.2764,0,1,1,.2,9.2479811,8.1201782,10.826905,6.2579384,1.6917039,40.600895,43,0
0,112024,1998,43,11,70,1,0,6,15,27371.768,2876.3477,949.60986,3825.9575,0,0,1,.2,9.2479811,8.1201782,10.826905,6.2579384,1.6917039,40.600895,43,0
0,112034,1998,43,11,42,0,5,4,91,216876.42,4201.1772,14166.328,18367.506,0,0,1,.2,9.2479811,8.1201782,10.826905,6.2579384,1.6917039,40.600895,43,0
0,112062,1998,43,11,22,1,5,2,2,4723.2373,3061.3074,543.03687,3604.3442,0,0,1,.2,9.2479811,8.1201782,10.826905,6.2579384,1.6917039,40.600895,43,0
0,112072,1998,43,11,40,0,0,6,10,17238.463,2159.7419,320.07056,2479.8125,0,0,1,.2,9.2479811,8.1201782,10.826905,6.2579384,1.6917039,40.600895,43,0
1,112112,1998,43,11,55,1,0,4,46,54830,4315.875,1075.9238,5391.7988,1,0,1,.2,9.2479811,8.1201782,10.826905,6.2579384,1.6917039,40.600895,43,1
0,113014,1998,75,11,42,1,3,6,10,17208.012,2312.7847,586.11914,2898.9038,0,0,1,.30000001,10.037443,6.7668157,11.503587,6.7921524,1.5225335,50.751118,75,0
1,113025,1998,75,11,27,1,8,3,1,1,6377.9492,2140.7949,8518.7441,0,1,1,.30000001,10.037443,6.7668157,11.503587,6.7921524,1.5225335,50.751118,75,1
1,113034,1998,75,11,39,1,0,5,46,27028,3459.196,959.39917,4418.5952,0,1,1,.30000001,10.037443,6.7668157,11.503587,6.7921524,1.5225335,50.751118,75,1
1,113052,1998,75,11,29,1,0,3,3,4503,3585.5098,531.4209,4116.9307,1,0,1,.30000001,10.037443,6.7668157,11.503587,6.7921524,1.5225335,50.751118,75,1
1,113082,1998,75,11,34,1,6,7,8,15240,3624.3064,850.87866,4475.1851,1,0,1,.30000001,10.037443,6.7668157,11.503587,6.7921524,1.5225335,50.751118,75,1
1,113102,1998,75,11,30,1,0,4,2,4965,4660.644,567.73584,5228.3799,1,0,1,.30000001,10.037443,6.7668157,11.503587,6.7921524,1.5225335,50.751118,75,1
0,121024,1998,12,12,27,1,0,3,6,11388.551,4739.252,1246.6729,5985.9248,0,0,1,.050000001,11.954707,8.1201782,10.826905,8.08953,2.3683856,40.600895,12,0
0,121034,1998,12,12,50,1,5,6,10,37318.988,6156.8999,3104.8403,9261.7402,0,0,1,.050000001,11.954707,8.1201782,10.826905,8.08953,2.3683856,40.600895,12,0
1,121092,1998,12,12,45,1,0,7,1,9036,3336.6199,812.69458,4149.3145,1,0,1,.050000001,11.954707,8.1201782,10.826905,8.08953,2.3683856,40.600895,12,0
1,121102,1998,12,12,36,1,0,5,7,8300,2335.634,422.38477,2758.0188,1,0,1,.050000001,11.954707,8.1201782,10.826905,8.08953,2.3683856,40.600895,12,1
1,122022,1998,44,12,30,1,0,4,8,10315,2426.9185,447.79395,2874.7124,1,0,1,.050000001,8.7968597,6.0901341,9.4735422,5.9526725,1.6917039,37.894169,44,1
0,122034,1998,44,12,70,1,0,7,219,341345.25,3748.4292,2500.8213,6249.2505,0,0,1,.050000001,8.7968597,6.0901341,9.4735422,5.9526725,1.6917039,37.894169,44,0
0,122062,1998,44,12,47,0,0,7,20,29882.258,3186.01,496.39429,3682.4043,0,0,1,.050000001,8.7968597,6.0901341,9.4735422,5.9526725,1.6917039,37.894169,44,0
1,122122,1998,44,12,30,1,0,2,28,10225,4191.3657,2138.3135,6329.6792,1,0,1,.050000001,8.7968597,6.0901341,9.4735422,5.9526725,1.6917039,37.894169,44,1
0,123044,1998,76,12,38,1,0,6,12,9541.21,1336.2205,276.87549,1613.0959,0,0,0,.5,8.7968597,6.0901341,8.1201782,5.9526725,1.6917039,40.600895,76,0
1,131022,1998,13,13,29,1,0,4,2,2098,2354.175,857.69385,3211.8689,1,0,1,.40000001,9.4735422,6.0901341,13.533631,6.4105711,1.3533632,37.894169,13,1
1,132042,1998,45,13,29,1,16,3,20,56450,5082.3296,885.3252,5967.6548,1,0,1,.5,8.5712996,6.7668157,13.533631,5.8000402,1.6917039,35.187439,45,1
1,132092,1998,45,13,56,1,0,5,27,45239,3297.6047,451.48169,3749.0864,1,0,1,.5,8.5712996,6.7668157,13.533631,5.8000402,1.6917039,35.187439,45,1
1,133012,1998,77,13,41,1,0,5,3,7250,2784.1384,1144.2686,3928.407,0,1,1,.75,8.9096403,6.7668157,12.180268,6.0289893,1.3533632,33.834076,77,1
0,133062,1998,77,13,34,1,14,4,66,79134.523,6540.1274,9459.6699,15999.797,0,0,1,.75,8.9096403,6.7668157,12.180268,6.0289893,1.3533632,33.834076,77,0
1,141012,1998,14,14,70,1,3,3,4,5220,3518.7441,527.81152,4046.5557,0,1,0,.12,10.826905,8.1201782,10.826905,7.3263669,1.6917039,40.600895,14,1
0,141014,1998,14,14,35,1,1,5,3,11523.886,2286.9131,493.97754,2780.8906,0,0,0,.12,10.826905,8.1201782,10.826905,7.3263669,1.6917039,40.600895,14,0
0,141044,1998,14,14,36,1,2,5,20,31546.895,2060.9014,612.39673,2673.2981,0,0,0,.12,10.826905,8.1201782,10.826905,7.3263669,1.6917039,40.600895,14,0
0,141054,1998,14,14,36,1,10,5,19,66544.867,2806.875,578.56274,3385.4377,0,0,0,.12,10.826905,8.1201782,10.826905,7.3263669,1.6917039,40.600895,14,0
1,142022,1998,46,14,65,1,3,10,7,43560,3943.9707,631.75,4575.7207,1,0,0,.050000001,10.826905,8.1201782,10.826905,7.3263669,1.6917039,40.600895,46,1
0,142064,1998,46,14,50,1,4,3,13,84246.852,5059.7734,9674.291,14734.064,0,0,0,.050000001,10.826905,8.1201782,10.826905,7.3263669,1.6917039,40.600895,46,0
1,142082,1998,46,14,50,1,0,6,10,52210,3025.4431,400.03149,3425.4746,1,0,0,.050000001,10.826905,8.1201782,10.826905,7.3263669,1.6917039,40.600895,46,1
0,143024,1998,78,14,66,1,3,5,33,23088.375,2222.7637,964.94775,3187.7114,0,0,0,0,10.826905,8.1201782,10.826905,7.3263669,1.6917039,40.600895,78,0
0,143054,1998,78,14,47,1,15,5,132,182974.69,4455.2715,2364.3252,6819.5967,0,0,0,0,10.826905,8.1201782,10.826905,7.3263669,1.6917039,40.600895,78,0
0,143082,1998,78,14,42,0,9,3,331,325382.31,3959.9404,1996.2104,5956.1509,0,0,0,0,10.826905,8.1201782,10.826905,7.3263669,1.6917039,40.600895,78,0
0,151044,1998,15,15,48,1,0,8,46,89291.516,4398.4302,1316.3149,5714.7451,0,0,1,.89999998,9.2479811,8.1201782,7.4434972,6.2579384,2.0300446,40.600895,15,0
0,152044,1998,47,15,68,1,0,2,12,35255.109,4134.5244,471.64697,4606.1714,0,0,1,.89999998,10.375784,8.7968597,8.7968597,7.0211015,2.0300446,40.600895,47,0
1,152062,1998,47,15,38,1,0,5,1,75,2249.8308,2491.1355,4740.9663,1,0,1,.89999998,10.375784,8.7968597,8.7968597,7.0211015,2.0300446,40.600895,47,1
1,152072,1998,47,15,40,1,0,8,1,7600,2502.03,473.33887,2975.3689,1,0,1,.89999998,10.375784,8.7968597,8.7968597,7.0211015,2.0300446,40.600895,47,1
1,152082,1998,47,15,55,0,0,4,1,3130,3033.9019,1297.0293,4330.9312,0,1,1,.89999998,10.375784,8.7968597,8.7968597,7.0211015,2.0300446,40.600895,47,1
1,152102,1998,47,15,38,1,1,6,2,16110,3565.4351,541.34521,4106.7803,1,0,1,.89999998,10.375784,8.7968597,8.7968597,7.0211015,2.0300446,40.600895,47,1
1,153112,1998,79,15,30,1,0,4,10,33750,4063.811,1712.0044,5775.8154,0,1,1,.89999998,6.8795962,6.7668157,8.1201782,4.6552958,2.0300446,35.187439,79,0
0,161014,1998,16,16,40,1,0,5,8,23128.975,1780.4845,3669.1025,5449.5869,0,0,1,.75,9.6991024,6.7668157,8.1201782,6.5632038,2.0300446,32.480713,16,0
1,161022,1998,16,16,35,1,0,4,2,16900,2969.9553,433.92212,3403.8774,1,0,1,.75,9.6991024,6.7668157,8.1201782,6.5632038,2.0300446,32.480713,16,1
0,161034,1998,16,16,57,1,2,5,11,25071.053,1731.222,150.22327,1881.4453,0,0,1,.75,9.6991024,6.7668157,8.1201782,6.5632038,2.0300446,32.480713,16,0
1,161042,1998,16,16,48,1,0,6,7,15550,1765.2367,1038.7059,2803.9426,0,1,1,.75,9.6991024,6.7668157,8.1201782,6.5632038,2.0300446,32.480713,16,1
0,161054,1998,16,16,22,1,4,3,2,12044.932,3495.2859,762.39429,4257.6802,0,0,1,.75,9.6991024,6.7668157,8.1201782,6.5632038,2.0300446,32.480713,16,0
1,161072,1998,16,16,55,0,0,5,10,37000,3110.5696,1297.0632,4407.6328,1,0,1,.75,9.6991024,6.7668157,8.1201782,6.5632038,2.0300446,32.480713,16,1
0,161092,1998,16,16,18,1,0,2,1,4303.6948,3365.1375,740.28931,4105.4268,0,0,1,.75,9.6991024,6.7668157,8.1201782,6.5632038,2.0300446,32.480713,16,0
1,162032,1998,48,16,42,1,5,5,1,8700,2519.4207,636.08081,3155.5015,1,0,1,.55000001,9.6991024,6.7668157,8.1201782,6.5632038,1.6917039,32.480713,48,0
1,163032,1998,80,16,50,1,0,6,13,23800,3429.873,620.29175,4050.1648,1,0,1,.94999999,9.9246626,7.1051564,8.1201782,6.715836,1.6917039,47.36771,80,0
0,163034,1998,80,16,58,1,0,3,2.5,7612.668,2445.0759,203.45557,2648.5315,0,0,1,.94999999,9.9246626,7.1051564,8.1201782,6.715836,1.6917039,47.36771,80,0
1,163044,1998,80,16,42,1,0,4,16,21280,3775.2063,3013.2629,6788.4692,0,1,1,.94999999,9.9246626,7.1051564,8.1201782,6.715836,1.6917039,47.36771,80,1
1,163122,1998,80,16,35,1,0,6,1,8800,3014.3906,1742.4551,4756.8457,1,0,1,.94999999,9.9246626,7.1051564,8.1201782,6.715836,1.6917039,47.36771,80,1
0,171024,1998,17,17,50,1,0,8,21,34375.422,2963.5269,537.11597,3500.6428,0,0,1,0,10.150224,8.1201782,16.917038,6.8684692,1.6917039,37.894169,17,0
1,171123,1998,17,17,52,1,3,8,35,27500,2382.9341,463.52686,2846.4609,1,0,1,0,10.150224,8.1201782,16.917038,6.8684692,1.6917039,37.894169,17,1
0,172034,1998,49,17,55,1,0,6,25,66876.438,2496.9548,577.20947,3074.1643,0,0,1,0,10.826905,6.7668157,20.300447,7.3263669,2.0300446,40.600895,49,0
1,172073,1998,49,17,29,1,4,2,37,49800,6777.6426,1552.9844,8330.627,1,0,1,0,10.826905,6.7668157,20.300447,7.3263669,2.0300446,40.600895,49,1
1,181023,1998,18,18,29,1,2,4,2,3035,7149.1406,663.14795,7812.2886,1,0,1,.85000002,13.533631,7.4434972,6.7668157,9.157959,1.3533632,40.600895,18,1
1,181034,1998,18,18,60,1,0,3,27,11861,4094.8257,4642.938,8737.7637,1,0,1,.85000002,13.533631,7.4434972,6.7668157,9.157959,1.3533632,40.600895,18,1
0,181054,1998,18,18,36,1,1,5,13,9893.085,2384.0845,508.99976,2893.0842,0,0,1,.85000002,13.533631,7.4434972,6.7668157,9.157959,1.3533632,40.600895,18,0
1,181083,1998,18,18,48,1,2,5,1,2130,3243.1992,4170.3882,7413.5874,1,0,1,.85000002,13.533631,7.4434972,6.7668157,9.157959,1.3533632,40.600895,18,1
1,181103,1998,18,18,40,1,0,5,1,32070,5011.7744,5324.2656,10336.04,0,1,1,.85000002,13.533631,7.4434972,6.7668157,9.157959,1.3533632,40.600895,18,0
1,182024,1998,50,18,39,0,0,1,1,2550,3938.2866,466.91016,4405.1968,0,1,1,.75,10.375784,6.7668157,6.7668157,7.0211015,1.3533632,37.894169,50,1
1,182033,1998,50,18,34,1,2,4,4.5,4542,2796.0481,418.3584,3214.4065,0,1,1,.75,10.375784,6.7668157,6.7668157,7.0211015,1.3533632,37.894169,50,1
0,182054,1998,50,18,38,0,0,3,1,1309.3788,1969.9554,89.547485,2059.5029,0,0,1,.75,10.375784,6.7668157,6.7668157,7.0211015,1.3533632,37.894169,50,0
1,182103,1998,50,18,60,1,2,7,17,16464,3351.8938,459.07983,3810.9736,0,1,1,.75,10.375784,6.7668157,6.7668157,7.0211015,1.3533632,37.894169,50,1
1,182123,1998,50,18,47,1,0,7,32,21227,1914.2355,196.91443,2111.1499,0,1,1,.75,10.375784,6.7668157,6.7668157,7.0211015,1.3533632,37.894169,50,1
0,183034,1998,82,18,66,1,0,4,1.5,9683.3125,3341.1152,1078.4609,4419.5762,0,0,1,.80000001,8.5712996,6.7668157,6.7668157,5.8000402,1.3533632,43.307621,82,0
1,191023,1998,19,19,45,1,0,7,36,19250,2024.6312,347.04089,2371.6721,1,0,1,.15000001,9.9246626,8.1201782,10.826905,6.715836,2.0300446,40.600895,19,1
1,191043,1998,19,19,48,1,0,6,42,73185,3265.6653,938.3313,4203.9966,0,1,1,.15000001,9.9246626,8.1201782,10.826905,6.715836,2.0300446,40.600895,19,1
1,191053,1998,19,19,36,1,2,4,6,35850,3639.1934,593.78809,4232.9814,0,1,1,.15000001,9.9246626,8.1201782,10.826905,6.715836,2.0300446,40.600895,19,1
1,191143,1998,19,19,60,1,0,10,40,31908,2499.3911,437.13623,2936.5273,0,1,1,.15000001,9.9246626,8.1201782,10.826905,6.715836,2.0300446,40.600895,19,1
1,192023,1998,51,19,68,1,6,4,25,60070,4983.7598,1683.2451,6667.0049,0,1,1,.15000001,9.9246626,8.1201782,10.826905,6.715836,2.0300446,40.600895,51,1
1,193023,1998,83,19,50,1,0,6,4,7385,2759.9585,453.37646,3213.335,0,1,0,.1,9.9246626,8.1201782,10.826905,6.715836,2.0300446,40.600895,83,1
0,193034,1998,83,19,33,1,0,6,2,8938.9629,1728.9214,327.06274,2055.9841,0,0,0,.1,9.9246626,8.1201782,10.826905,6.715836,2.0300446,40.600895,83,0
0,193054,1998,83,19,58,1,2,3,3,3028.1501,3036.0444,496.2334,3532.2778,0,0,0,.1,9.9246626,8.1201782,10.826905,6.715836,2.0300446,40.600895,83,0
0,193064,1998,83,19,35,1,0,5,36,20598.186,2559.4802,515.09009,3074.5703,0,0,0,.1,9.9246626,8.1201782,10.826905,6.715836,2.0300446,40.600895,83,0
1,201053,1998,20,20,55,1,0,5,1,2010,2004.8722,390.58044,2395.4526,0,1,1,.89999998,7.6690574,7.4434972,8.1201782,5.1895099,1.6917039,35.187439,20,1
1,201054,1998,20,20,33,1,0,3,3,17410,2436.0537,435.33179,2871.3855,1,0,1,.89999998,7.6690574,7.4434972,8.1201782,5.1895099,1.6917039,35.187439,20,1
0,201063,1998,20,20,32,0,0,2,12.5,12856.949,2391.3926,1740.7632,4132.1558,0,0,1,.89999998,7.6690574,7.4434972,8.1201782,5.1895099,1.6917039,35.187439,20,0
0,201093,1998,20,20,32,1,0,3,3,4398.4302,2402.2195,577.6604,2979.8799,0,0,1,.89999998,7.6690574,7.4434972,8.1201782,5.1895099,1.6917039,35.187439,20,0
0,202033,1998,52,20,28,1,0,2,1,3552.5784,3701.448,730.81616,4432.2642,0,0,1,.88999999,10.375784,6.7668157,9.4735422,7.0211015,2.0300446,43.307621,52,0
1,202053,1998,52,20,54,0,0,4,1,5210,4794.627,1163.8926,5958.5195,0,1,1,.88999999,10.375784,6.7668157,9.4735422,7.0211015,2.0300446,43.307621,52,0
1,202063,1998,52,20,44,1,0,8,1,8700,2680.6741,1252.03,3932.7041,0,1,1,.88999999,10.375784,6.7668157,9.4735422,7.0211015,2.0300446,43.307621,52,1
1,202073,1998,52,20,44,1,0,5,30,32940,1733.9287,673.70435,2407.6331,0,1,1,.88999999,10.375784,6.7668157,9.4735422,7.0211015,2.0300446,43.307621,52,0
1,202093,1998,52,20,62,1,0,5,5,23050,2387.603,470.56445,2858.1675,0,1,1,.88999999,10.375784,6.7668157,9.4735422,7.0211015,2.0300446,43.307621,52,1
0,203034,1998,84,20,28,1,0,3,1,2794.6948,2859.2053,2141.697,5000.9023,0,0,1,.80000001,12.405828,8.1201782,8.1201782,8.3947954,2.0300446,43.307621,84,0
0,203044,1998,84,20,32,1,0,5,1,3830.0178,2159.1555,351.19775,2510.3533,0,0,1,.80000001,12.405828,8.1201782,8.1201782,8.3947954,2.0300446,43.307621,84,0
1,203073,1998,84,20,55,1,0,6,3,11630,1943.8806,481.00781,2424.8884,0,1,1,.80000001,12.405828,8.1201782,8.1201782,8.3947954,2.0300446,43.307621,84,1
1,203103,1998,84,20,45,1,0,4,1,2775,2670.8621,4292.5293,6963.3916,0,1,1,.80000001,12.405828,8.1201782,8.1201782,8.3947954,2.0300446,43.307621,84,1
1,203123,1998,84,20,40,1,8,4,3,22250,4100.6904,1512.3833,5613.0737,1,0,1,.80000001,12.405828,8.1201782,8.1201782,8.3947954,2.0300446,43.307621,84,1
0,211014,1998,21,21,28,1,0,5,5,14149.411,3961.2937,1096.2244,5057.5181,0,0,1,.82999998,14.210313,6.7668157,8.1201782,9.6158562,2.0300446,37.894169,21,0
1,211033,1998,21,21,33,1,6,4,5,32100,2934.7678,1431.8582,4366.626,1,0,1,.82999998,14.210313,6.7668157,8.1201782,9.6158562,2.0300446,37.894169,21,1
1,211034,1998,21,21,56,1,1,5,20,21011,3459.7373,1200.5684,4660.3057,0,1,1,.82999998,14.210313,6.7668157,8.1201782,9.6158562,2.0300446,37.894169,21,1
1,211053,1998,21,21,44,1,0,5,8,12350,2357.5586,3981.5942,6339.1528,1,0,1,.82999998,14.210313,6.7668157,8.1201782,9.6158562,2.0300446,37.894169,21,1
1,211063,1998,21,21,36,1,0,6,4,20170,2140.5693,3619.1187,5759.688,1,0,1,.82999998,14.210313,6.7668157,8.1201782,9.6158562,2.0300446,37.894169,21,1
0,211123,1998,21,21,26,1,0,2,10,20828.258,5522.3979,1424.415,6946.813,0,0,1,.82999998,14.210313,6.7668157,8.1201782,9.6158562,2.0300446,37.894169,21,0
0,212014,1998,53,21,58,1,0,6,14,29428.881,2497.8572,371.04688,2868.9041,0,0,0,.85000002,12.405828,5.4134526,12.180268,8.3947954,2.0300446,43.307621,53,0
0,212034,1998,53,21,42,1,5,4,14,36398.703,3709.5684,806.09668,4515.665,0,0,0,.85000002,12.405828,5.4134526,12.180268,8.3947954,2.0300446,43.307621,53,0
1,212053,1998,53,21,34,1,2,4,2,11120,4187.3057,1376.5391,5563.8447,0,1,0,.85000002,12.405828,5.4134526,12.180268,8.3947954,2.0300446,43.307621,53,1
1,212083,1998,53,21,48,1,0,3,2,22472,1781.0259,650.06543,2431.0913,0,1,0,.85000002,12.405828,5.4134526,12.180268,8.3947954,2.0300446,43.307621,53,1
1,212093,1998,53,21,20,1,0,2,1,4550,4062.7961,1765.1238,5827.9199,0,1,0,.85000002,12.405828,5.4134526,12.180268,8.3947954,2.0300446,43.307621,53,0
1,212123,1998,53,21,54,1,0,2,8,16750,6075.2471,823.85986,6899.1069,0,1,0,.85000002,12.405828,5.4134526,12.180268,8.3947954,2.0300446,43.307621,53,1
1,213014,1998,85,21,33,1,0,4,4,9545,4903.2344,4905.9414,9809.1758,0,1,1,.95999998,9.4735422,7.4434972,9.4735422,6.4105711,2.0300446,37.894169,85,1
1,213023,1998,85,21,56,1,4,3,32,32190,8701.2227,39279.785,47981.008,0,1,1,.95999998,9.4735422,7.4434972,9.4735422,6.4105711,2.0300446,37.894169,85,1
1,213113,1998,85,21,57,1,0,2,2,6155,5383.6782,1592.2319,6975.9102,0,1,1,.95999998,9.4735422,7.4434972,9.4735422,6.4105711,2.0300446,37.894169,85,1
1,213123,1998,85,21,37,1,5,3,10,8810,5395.4077,1234.2666,6629.6743,0,1,1,.95999998,9.4735422,7.4434972,9.4735422,6.4105711,2.0300446,37.894169,85,1
0,221014,1998,22,22,46,1,0,9,232,155494.64,3680.5464,294.73218,3975.2786,0,0,1,.1,11.503587,6.7668157,18.947084,7.784265,2.7067263,35.187439,22,0
0,221034,1998,22,22,41,1,3,4,210,184240.09,4037.7588,558.26221,4596.021,0,0,1,.1,11.503587,6.7668157,18.947084,7.784265,2.7067263,35.187439,22,0
0,221053,1998,22,22,36,0,0,3,1,338.34079,1558.1721,239.99622,1798.1683,0,0,1,.1,11.503587,6.7668157,18.947084,7.784265,2.7067263,35.187439,22,0
0,221054,1998,22,22,36,1,0,4,5,20253.08,4447.1514,664.83936,5111.9907,0,0,1,.1,11.503587,6.7668157,18.947084,7.784265,2.7067263,35.187439,22,0
1,221093,1998,22,22,62,1,0,4,14,22150,2224.2522,1193.1589,3417.4111,0,1,1,.1,11.503587,6.7668157,18.947084,7.784265,2.7067263,35.187439,22,1
0,222024,1998,54,22,39,1,0,4,77,51779.676,2671.5388,461.32764,3132.8665,0,0,1,.1,11.052465,6.7668157,18.947084,7.4789996,2.7067263,35.187439,54,0
0,222044,1998,54,22,32,1,0,4,1.5,12112.6,2321.0178,389.93774,2710.9556,0,0,1,.1,11.052465,6.7668157,18.947084,7.4789996,2.7067263,35.187439,54,1
1,223013,1998,86,22,44,1,0,5,7,12350,3373.6636,626.87769,4000.5413,0,1,1,.1175,11.278026,6.7668157,18.947084,7.6316319,2.7067263,35.187439,86,1
0,223054,1998,86,22,66,1,0,8,612,485079.19,5197.2524,774.2085,5971.4609,0,0,1,.1175,11.278026,6.7668157,18.947084,7.6316319,2.7067263,35.187439,86,0
0,223064,1998,86,22,44,1,0,4,14,13229.125,2250.6428,364.90063,2615.5435,0,0,1,.1175,11.278026,6.7668157,18.947084,7.6316319,2.7067263,35.187439,86,0
0,223143,1998,86,22,42,1,0,2,39,36219.383,6772.229,2204.6284,8976.8574,0,0,1,.1175,11.278026,6.7668157,18.947084,7.6316319,2.7067263,35.187439,86,0
1,231033,1998,23,23,35,1,6,5,1,17725,10653.133,3020.7061,13673.839,0,1,1,.89999998,9.811883,6.7668157,13.533631,6.6395202,2.3683856,37.894169,23,1
1,231073,1998,23,23,55,1,0,11,5,84350,3680.6558,1960.5313,5641.187,0,1,1,.89999998,9.811883,6.7668157,13.533631,6.6395202,2.3683856,37.894169,23,1
1,232024,1998,55,23,50,1,0,4,3,8210,4709.0269,2432.6704,7141.6973,0,1,1,.89999998,9.0224209,8.1201782,13.533631,6.1053057,2.3683856,35.187439,55,1
1,232043,1998,55,23,26,1,0,4,15,115710,3815.8074,695.29028,4511.0977,0,1,1,.89999998,9.0224209,8.1201782,13.533631,6.1053057,2.3683856,35.187439,55,1
1,232044,1998,55,23,60,1,0,5,35,75180,4936.5273,1353.0923,6289.6196,0,1,1,.89999998,9.0224209,8.1201782,13.533631,6.1053057,2.3683856,35.187439,55,0
1,232054,1998,55,23,28,1,0,6,5,23020,2716.8765,367.43799,3084.3145,0,1,1,.89999998,9.0224209,8.1201782,13.533631,6.1053057,2.3683856,35.187439,55,1
1,232103,1998,55,23,45,1,4,6,1,34710,2326.8823,842.46851,3169.3508,0,1,1,.89999998,9.0224209,8.1201782,13.533631,6.1053057,2.3683856,35.187439,55,1
0,233015,1998,87,23,40,1,10,4,80,1654425.5,3473.4065,1543.1721,5016.5786,0,0,1,.80000001,8.3457394,7.4434972,13.533631,5.647408,2.0300446,32.480713,87,0
0,233044,1998,87,23,35,1,0,5,3,47983.488,2171.3357,458.24878,2629.5845,0,0,1,.80000001,8.3457394,7.4434972,13.533631,5.647408,2.0300446,32.480713,87,0
1,233083,1998,87,23,48,1,0,7,15,86600,2426,520.85132,2946.8513,0,1,1,.80000001,8.3457394,7.4434972,13.533631,5.647408,2.0300446,32.480713,87,1
0,241024,1998,24,24,22,1,0,3,220,98961.984,4058.2849,2023.2776,6081.5625,0,0,0,.94999999,10.601344,7.4434972,13.533631,7.1737342,2.0300446,40.600895,24,0
1,241054,1998,24,24,35,1,0,5,8,14600,2899.4451,615.23901,3514.6841,0,1,0,.94999999,10.601344,7.4434972,13.533631,7.1737342,2.0300446,40.600895,24,1
1,241063,1998,24,24,45,1,0,4,8,36000,2858.9795,680.06494,3539.0444,0,1,0,.94999999,10.601344,7.4434972,13.533631,7.1737342,2.0300446,40.600895,24,1
1,241093,1998,24,24,60,1,0,7,17,28330,3262.3787,4380.0625,7642.4414,0,1,0,.94999999,10.601344,7.4434972,13.533631,7.1737342,2.0300446,40.600895,24,1
0,242013,1998,56,24,60,1,4,9,156,510823.53,4643.2383,6146.5244,10789.763,0,0,1,.75,10.826905,7.4434972,13.533631,7.3263669,2.0300446,40.600895,56,0
0,242014,1998,56,24,40,1,5,4,13,48051.832,3575.5854,747.73291,4323.3184,0,0,1,.75,10.826905,7.4434972,13.533631,7.3263669,2.0300446,40.600895,56,0
0,242044,1998,56,24,67,1,0,3,1,2490.188,4629.4043,839.08496,5468.4893,0,0,1,.75,10.826905,7.4434972,13.533631,7.3263669,2.0300446,40.600895,56,0
1,242063,1998,56,24,45,1,10,5,43,107560,3909.054,913.24927,4822.3032,1,0,1,.75,10.826905,7.4434972,13.533631,7.3263669,2.0300446,40.600895,56,1
0,243014,1998,88,24,72,1,0,6,8,95131.273,4116.0283,9575.0439,13691.072,0,0,0,.60000002,10.601344,7.4434972,13.533631,7.1737342,2.0300446,40.600895,88,0
1,243123,1998,88,24,35,1,0,3,19,89200,4795.4165,690.21533,5485.6318,1,0,0,.60000002,10.601344,7.4434972,13.533631,7.1737342,2.0300446,40.600895,88,1
0,251014,1998,25,25,80,1,0,2,10,36442.688,2890.7837,334.28052,3225.0642,0,0,1,.89999998,8.7968597,6.7668157,10.826905,5.9526725,1.6917039,37.894169,25,1
0,251034,1998,25,25,58,1,2,4,20,73880.094,4465.4214,910.13672,5375.5581,0,0,1,.89999998,8.7968597,6.7668157,10.826905,5.9526725,1.6917039,37.894169,25,0
0,251044,1998,25,25,66,1,0,6,5,29185.277,3896.7834,508.75171,4405.5352,0,0,1,.89999998,8.7968597,6.7668157,10.826905,5.9526725,1.6917039,37.894169,25,0
0,251124,1998,25,25,46,1,0,6,3,18855.732,3668.0649,533.33838,4201.4033,0,0,1,.89999998,8.7968597,6.7668157,10.826905,5.9526725,1.6917039,37.894169,25,0
0,251134,1998,25,25,35,1,0,7,6,25490.596,3176.3433,556.81201,3733.1553,0,0,1,.89999998,8.7968597,6.7668157,10.826905,5.9526725,1.6917039,37.894169,25,0
0,251164,1998,25,25,38,1,0,6,4,23802.273,2370.6409,440.40698,2811.0479,0,0,1,.89999998,8.7968597,6.7668157,10.826905,5.9526725,1.6917039,37.894169,25,0
0,252104,1998,57,25,52,0,0,7,10,23244.012,2381.9192,318.04028,2699.9595,0,0,1,.5,8.3457394,6.7668157,12.180268,5.647408,2.0300446,37.894169,57,0
0,252134,1998,57,25,36,1,0,6,9,15908.783,2747.1016,327.62671,3074.7283,0,0,1,.5,8.3457394,6.7668157,12.180268,5.647408,2.0300446,37.894169,57,1
0,253024,1998,89,25,47,1,5,6,12,92786.578,4687.8242,710.51563,5398.3398,0,0,1,.625,11.503587,8.1201782,10.826905,7.784265,1.6917039,33.834076,89,0
0,253054,1998,89,25,52,1,9,5,7,54614.973,4325.8896,2147.7871,6473.6768,0,0,1,.625,11.503587,8.1201782,10.826905,7.784265,1.6917039,33.834076,89,0
0,253104,1998,89,25,70,1,0,9,36,197983.5,3160.855,3194.313,6355.168,0,0,1,.625,11.503587,8.1201782,10.826905,7.784265,1.6917039,33.834076,89,0
0,253134,1998,89,25,52,0,0,2,7,17210.043,2960.4817,1027.2026,3987.6843,0,0,1,.625,11.503587,8.1201782,10.826905,7.784265,1.6917039,33.834076,89,0
0,253154,1998,89,25,34,0,8,6,9,54987.145,5515.8569,1268.7778,6784.6348,0,0,1,.625,11.503587,8.1201782,10.826905,7.784265,1.6917039,33.834076,89,0
0,253174,1998,89,25,70,1,0,7,66,130274.73,2078.7656,383.77515,2462.5408,0,0,1,.625,11.503587,8.1201782,10.826905,7.784265,1.6917039,33.834076,89,0
1,261024,1998,26,26,36,1,0,6,34,33300,3206.5681,796.79272,4003.3608,0,1,1,.5,8.7968597,7.4434972,8.1201782,5.9526725,1.6917039,39.247532,26,1
0,261084,1998,26,26,38,1,0,5,26,46586.141,2547.7061,457.43677,3005.1428,0,0,1,.5,8.7968597,7.4434972,8.1201782,5.9526725,1.6917039,39.247532,26,0
0,261124,1998,26,26,44,1,7,5,18,37352.82,2152.1179,1251.1843,3403.3022,0,0,1,.5,8.7968597,7.4434972,8.1201782,5.9526725,1.6917039,39.247532,26,0
1,261134,1998,26,26,42,1,0,4,27,35150,3233.8611,525.27417,3759.1353,0,1,1,.5,8.7968597,7.4434972,8.1201782,5.9526725,1.6917039,39.247532,26,1
0,262014,1998,58,26,49,1,0,11,23,87684.406,3365.1987,678.21973,4043.4185,0,0,1,.5,9.9246626,8.1201782,10.826905,6.715836,2.0300446,40.600895,58,0
0,262064,1998,58,26,43,1,0,7,5,6500,2312.3176,714.86548,3027.1831,0,0,1,.5,9.9246626,8.1201782,10.826905,6.715836,2.0300446,40.600895,58,0
0,262084,1998,58,26,52,0,0,1,6,15736.229,2357.5586,1030.5859,3388.1445,0,0,1,.5,9.9246626,8.1201782,10.826905,6.715836,2.0300446,40.600895,58,0
0,262094,1998,58,26,71,0,0,3,12,48869.941,2814.9954,696.98193,3511.9773,0,0,1,.5,9.9246626,8.1201782,10.826905,6.715836,2.0300446,40.600895,58,0
1,263024,1998,90,26,50,1,0,3,8,5400,3096.4949,2575.9011,5672.396,0,1,0,0,13.30807,8.1201782,8.1201782,9.0053253,2.0300446,33.834076,90,1
0,263034,1998,90,26,35,1,0,6,1,4672.4863,1559.9764,203.00452,1762.981,0,0,0,0,13.30807,8.1201782,8.1201782,9.0053253,2.0300446,33.834076,90,0
0,263084,1998,90,26,33,0,0,2,1,1502.2332,1864.9343,340.03247,2204.9668,0,0,0,0,13.30807,8.1201782,8.1201782,9.0053253,2.0300446,33.834076,90,0
0,263114,1998,90,26,34,1,0,5,1,4702.937,1787.5221,352.55115,2140.0732,0,0,0,0,13.30807,8.1201782,8.1201782,9.0053253,2.0300446,33.834076,90,0
0,263154,1998,90,26,32,1,0,4,66,10153.606,2005.6841,388.24609,2393.9302,0,0,0,0,13.30807,8.1201782,8.1201782,9.0053253,2.0300446,33.834076,90,0
1,271054,1998,27,27,70,1,0,6,25,63885,3309.8752,276.31128,3586.1865,0,1,1,.89999998,12.744169,8.7968597,12.180268,8.623744,2.0300446,47.36771,27,1
1,271064,1998,27,27,32,1,0,5,33,55650,3850.0474,1379.7539,5229.8013,0,1,1,.89999998,12.744169,8.7968597,12.180268,8.623744,2.0300446,47.36771,27,1
0,271154,1998,27,27,57,1,0,7,13,181283,3178.8567,1237.4573,4416.314,0,0,1,.89999998,12.744169,8.7968597,12.180268,8.623744,2.0300446,47.36771,27,0
0,272034,1998,59,27,36,1,8,4,1,84720.531,3951.8203,2166.2266,6118.0469,0,0,1,.75,13.08251,8.1201782,10.826905,8.8526936,2.0300446,47.36771,59,0
0,272074,1998,59,27,29,0,0,4,1,12498.309,2195.8315,546.42041,2742.252,0,0,1,.75,13.08251,8.1201782,10.826905,8.8526936,2.0300446,47.36771,59,0
0,272154,1998,59,27,40,1,0,4,41,86669.375,2405.603,555.72461,2961.3276,0,0,1,.75,13.08251,8.1201782,10.826905,8.8526936,2.0300446,47.36771,59,0
0,273014,1998,91,27,45,1,1,4,10,37082.152,3195.2903,1854.1077,5049.3979,0,0,1,.30000001,12.85695,8.1201782,9.4735422,8.7000608,2.0300446,40.600895,91,1
0,273034,1998,91,27,58,1,0,3,5,15435.106,3257.5449,861.6416,4119.1865,0,0,1,.30000001,12.85695,8.1201782,9.4735422,8.7000608,2.0300446,40.600895,91,0
0,273044,1998,91,27,60,1,0,4,29,47909.055,3241.3047,595.47974,3836.7844,0,0,1,.30000001,12.85695,8.1201782,9.4735422,8.7000608,2.0300446,40.600895,91,0
0,273064,1998,91,27,55,1,0,2,5,9710.3809,2863.0396,372.17505,3235.2146,0,0,1,.30000001,12.85695,8.1201782,9.4735422,8.7000608,2.0300446,40.600895,91,0
0,273104,1998,91,27,40,1,0,4,3,6732.9814,2421.8433,270.67261,2692.5159,0,0,1,.30000001,12.85695,8.1201782,9.4735422,8.7000608,2.0300446,40.600895,91,0
0,273124,1998,91,27,32,1,2,4,5.5,10644.201,1572.6079,392.47534,1965.0833,0,0,1,.30000001,12.85695,8.1201782,9.4735422,8.7000608,2.0300446,40.600895,91,0
0,273134,1998,91,27,46,1,0,7,1,10434.43,1943.4294,275.5061,2218.9355,0,0,1,.30000001,12.85695,8.1201782,9.4735422,8.7000608,2.0300446,40.600895,91,0
0,281014,1998,28,28,35,1,0,5,32,84537.82,2836.1079,884.82837,3720.9363,0,0,1,.80000001,10.150224,8.7968597,8.1201782,6.8684692,1.6917039,40.600895,28,0
0,281034,1998,28,28,50,1,0,5,7,19177.156,1494.3834,94.194214,1588.5776,0,0,1,.80000001,10.150224,8.7968597,8.1201782,6.8684692,1.6917039,40.600895,28,0
0,281114,1998,28,28,42,1,2,3,1,5041.2773,4625.3442,1022.9165,5648.2607,0,0,1,.80000001,10.150224,8.7968597,8.1201782,6.8684692,1.6917039,40.600895,28,0
0,281134,1998,28,28,65,1,0,4,7,31073.219,2192.7866,545.23608,2738.0227,0,0,1,.80000001,10.150224,8.7968597,8.1201782,6.8684692,1.6917039,40.600895,28,0
0,281144,1998,28,28,43,1,2,7,5,12714.846,2350.5984,597.70313,2948.3015,0,0,1,.80000001,10.150224,8.7968597,8.1201782,6.8684692,1.6917039,40.600895,28,0
0,282024,1998,60,28,35,1,0,5,50,43180.406,2192.1777,1354.4458,3546.6235,0,0,1,.55000001,8.1201782,6.7668157,6.7668157,5.4947748,1.6917039,37.894169,60,1
0,282044,1998,60,28,45,1,9,5,20,28474.76,3344.7014,774.12378,4118.8252,0,0,1,.55000001,8.1201782,6.7668157,6.7668157,5.4947748,1.6917039,37.894169,60,0
1,282124,1998,60,28,40,1,5,3,4,6570,2919.6553,2454.3237,5373.979,0,1,1,.55000001,8.1201782,6.7668157,6.7668157,5.4947748,1.6917039,37.894169,60,1
1,282134,1998,60,28,50,1,0,9,11,5700,2478.7598,689.83936,3168.5991,0,1,1,.55000001,8.1201782,6.7668157,6.7668157,5.4947748,1.6917039,37.894169,60,1
0,282164,1998,60,28,30,1,0,7,1,3126.269,2211.782,453.66675,2665.4487,0,0,1,.55000001,8.1201782,6.7668157,6.7668157,5.4947748,1.6917039,37.894169,60,0
1,283114,1998,92,28,35,1,0,3,5,3230,3794.3792,773.22144,4567.6006,0,1,1,.30000001,9.0224209,7.4434972,9.4735422,6.1053057,1.6917039,40.600895,92,1
0,291014,1998,29,29,35,1,7,4,32,92637.703,3860.4683,773.10889,4633.5771,0,0,0,.73333335,9.2479811,6.7668157,6.7668157,6.2579384,1.3533632,37.894169,29,0
0,291134,1998,29,29,40,1,1,7,46,99066.18,2364.5186,682.96509,3047.4836,0,0,0,.73333335,9.2479811,6.7668157,6.7668157,6.2579384,1.3533632,37.894169,29,0
1,291144,1998,29,29,38,1,4,5,25,15003,2620.6523,741.64282,3362.2952,0,1,0,.73333335,9.2479811,6.7668157,6.7668157,6.2579384,1.3533632,37.894169,29,1
0,292034,1998,61,29,51,0,0,4,6,23399.648,2928.001,404.9939,3332.9949,0,0,1,.44999999,9.6991024,7.4434972,8.1201782,6.5632038,1.3533632,43.307621,61,0
1,292064,1998,61,29,45,1,0,5,14,11715,1828.9349,876.97937,2705.9143,0,1,1,.44999999,9.6991024,7.4434972,8.1201782,6.5632038,1.3533632,43.307621,61,1
0,292144,1998,61,29,58,0,0,1,3,11841.927,2533.4958,565.70557,3099.2014,0,0,1,.44999999,9.6991024,7.4434972,8.1201782,6.5632038,1.3533632,43.307621,61,0
0,293014,1998,93,29,35,1,5,3,12,20236.84,3411.3774,1732.3047,5143.6821,0,0,1,.75,9.0224209,6.4284749,6.7668157,6.1053057,1.6917039,37.894169,93,1
1,293074,1998,93,29,45,1,0,5,3,12132,5269.7251,622.54688,5892.272,0,1,1,.75,9.0224209,6.4284749,6.7668157,6.1053057,1.6917039,37.894169,93,1
0,293084,1998,93,29,36,1,0,3,6,30937.877,4356.0249,604.50195,4960.5269,0,0,1,.75,9.0224209,6.4284749,6.7668157,6.1053057,1.6917039,37.894169,93,0
0,293094,1998,93,29,39,1,9,6,37,56719.453,1969.5945,818.78442,2788.3789,0,0,1,.75,9.0224209,6.4284749,6.7668157,6.1053057,1.6917039,37.894169,93,0
1,293104,1998,93,29,52,0,0,1,31,9382,3023.4131,1157.1255,4180.5386,0,1,1,.75,9.0224209,6.4284749,6.7668157,6.1053057,1.6917039,37.894169,93,1
1,293134,1998,93,29,40,1,0,7,48,28597,3093.0146,511.86133,3604.876,0,1,1,.75,9.0224209,6.4284749,6.7668157,6.1053057,1.6917039,37.894169,93,1
0,293154,1998,93,29,30,1,0,3,4,12586.277,2741.9136,415.70825,3157.6218,0,0,1,.75,9.0224209,6.4284749,6.7668157,6.1053057,1.6917039,37.894169,93,0
