"","nh","year","villid","thanaid","agehead","sexhead","educhead","famsize","hhland","hhasset","expfd","expnfd","exptot","vaccess","pcirr","rice","wheat","milk","potato","egg","oil","vill"
"1",11054,1991,1,1,72,1,0,3,36,33295,3055.8564453125,902.2548828125,3958.11206054688,1,0.449999988079071,11,8.5,12,8,2.5,55,1
"2",11101,1991,1,1,44,1,5,7,8,16755,2106.83276367188,265.834381103516,2372.66748046875,1,0.449999988079071,11,8.5,12,8,2.5,55,1
"3",12021,1991,2,1,28,1,8,6,10,18795,3401.240234375,789.907043457031,4191.14697265625,1,0.200000002980232,11.5,8.25,12,8,2.5,54,30
"4",12051,1991,2,1,63,1,6,8,16,20800,3097.73754882812,807.80517578125,3905.54272460938,1,0.200000002980232,11.5,8.25,12,8,2.5,54,30
"5",12081,1991,2,1,26,1,0,6,10,26160,3188.7197265625,487.471466064453,3676.19067382812,1,0.200000002980232,11.5,8.25,12,8,2.5,54,30
"6",12121,1991,2,1,43,1,3,8,5,17080,2179.24755859375,245.269149780273,2424.5166015625,1,0.200000002980232,11.5,8.25,12,8,2.5,54,30
"7",13014,1991,3,1,38,1,7,5,26,30320,3115.93432617188,731.791870117188,3847.72607421875,1,0.5,11,8,11,8,2.5,56,59
"8",13054,1991,3,1,60,1,5,10,15,22490,2471.25854492188,413.696350097656,2884.955078125,1,0.5,11,8,11,8,2.5,56,59
"9",13061,1991,3,1,60,1,0,4,10,25310,2595.16723632812,266.924682617188,2862.09204101562,1,0.5,11,8,11,8,2.5,56,59
"10",13091,1991,3,1,63,1,0,3,19,34010,3055.8564453125,413.333343505859,3469.18969726562,1,0.5,11,8,11,8,2.5,56,59
"11",13101,1991,3,1,44,1,4,6,19,32460,2111.37158203125,289.949676513672,2401.32104492188,1,0.5,11,8,11,8,2.5,56,59
"12",13111,1991,3,1,34,1,0,3,3,4242,3130.953125,648.693664550781,3779.64672851562,1,0.5,11,8,11,8,2.5,56,59
"13",13121,1991,3,1,27,1,0,3,8,11615,2888.3330078125,364.363983154297,3252.6962890625,1,0.5,11,8,11,8,2.5,56,59
"14",21061,1991,1,2,34,1,0,4,1,5340,2833.45532226562,1152.69738769531,3986.15307617188,1,0.75,9,9,12,9,2.25,52,2
"15",22021,1991,2,2,27,1,2,4,18,13020,2821.63891601562,1583.92858886719,4405.56787109375,1,0.75,8,8,10,8,1.5,50,31
"16",22024,1991,2,2,54,1,0,5,14,7580,2122.9248046875,238.096099853516,2361.02099609375,1,0.75,8,8,10,8,1.5,50,31
"17",22031,1991,2,2,34,1,0,3,10,6020,2238.4580078125,178.820007324219,2417.27783203125,1,0.75,8,8,10,8,1.5,50,31
"18",22044,1991,2,2,38,1,0,5,4,2690,1996.04467773438,203.535629272461,2199.58032226562,1,0.75,8,8,10,8,1.5,50,31
"19",22054,1991,2,2,44,1,0,3,1.5,1000,2348.21508789062,269.857360839844,2618.072265625,1,0.75,8,8,10,8,1.5,50,31
"20",22091,1991,2,2,35,1,0,4,11,6190,2170.58276367188,181.942245483398,2352.52465820312,1,0.75,8,8,10,8,1.5,50,31
"21",22101,1991,2,2,32,0,0,4,2,2750,2287.56005859375,177.14665222168,2464.70678710938,1,0.75,8,8,10,8,1.5,50,31
"22",22121,1991,2,2,54,1,8,2,1,1,2986.17553710938,822.177307128906,3808.35302734375,1,0.75,8,8,10,8,1.5,50,31
"23",23031,1991,3,2,32,1,0,4,10,6610,2402.37133789062,146.130065917969,2548.50146484375,1,0.75,8,8,10,8,2.25,52,60
"24",23041,1991,3,2,27,1,0,3,1,15400,3312.91796875,1357.99572753906,4670.91357421875,1,0.75,8,8,10,8,2.25,52,60
"25",23044,1991,3,2,56,1,0,6,34,19860,1678.12158203125,169.982711791992,1848.10412597656,1,0.75,8,8,10,8,2.25,52,60
"26",23054,1991,3,2,26,1,0,2,2,1460,3349.02270507812,381.871795654297,3730.89453125,1,0.75,8,8,10,8,2.25,52,60
"27",23081,1991,3,2,40,1,0,8,27,24900,2732.47412109375,421.841735839844,3154.31567382812,1,0.75,8,8,10,8,2.25,52,60
"28",31011,1991,1,3,35,0,2,7,6,131550,2644.06298828125,510.680908203125,3154.74389648438,1,0.150000005960464,10,10,20,8,2.75,56,3
"29",31014,1991,1,3,33,1,12,7,6,174450,3681.38745117188,1477.88977050781,5159.27783203125,1,0.150000005960464,10,10,20,8,2.75,56,3
"30",31024,1991,1,3,34,1,12,6,31,1057950,4085.54711914062,3531.27221679688,7616.81884765625,1,0.150000005960464,10,10,20,8,2.75,56,3
"31",31044,1991,1,3,43,1,5,6,34,383600,4411.92919921875,1273.06018066406,5684.98974609375,1,0.150000005960464,10,10,20,8,2.75,56,3
"32",31051,1991,1,3,35,1,3,4,10,263200,4297.83984375,505.016204833984,4802.85546875,1,0.150000005960464,10,10,20,8,2.75,56,3
"33",31061,1991,1,3,26,1,8,4,5,221560,4245.85009765625,1603.48083496094,5849.3310546875,1,0.150000005960464,10,10,20,8,2.75,56,3
"34",31091,1991,1,3,34,1,4,5,4.5,98800,3414.01049804688,831.390014648438,4245.40087890625,1,0.150000005960464,10,10,20,8,2.75,56,3
"35",31101,1991,1,3,28,1,0,2,1,16845,4575.1201171875,2354.8046875,6929.92431640625,1,0.150000005960464,10,10,20,8,2.75,56,3
"36",31111,1991,1,3,35,0,0,5,1,2125,1975.6201171875,363.934997558594,2339.55517578125,1,0.150000005960464,10,10,20,8,2.75,56,3
"37",31121,1991,1,3,48,0,0,5,12,66580,3616.36352539062,670.895324707031,4287.2587890625,1,0.150000005960464,10,10,20,8,2.75,56,3
"38",32011,1991,2,3,18,1,0,7,9,61410,2367.599609375,460.9462890625,2828.54565429688,1,0.100000001490116,10,10,20,8,2.75,56,32
"39",32014,1991,2,3,50,1,0,3,4,173600,5808.7001953125,13050.7734375,18859.474609375,1,0.100000001490116,10,10,20,8,2.75,56,32
"40",32024,1991,2,3,50,1,0,8,2,36300,3507.15893554688,933.021240234375,4440.1796875,1,0.100000001490116,10,10,20,8,2.75,56,32
"41",32044,1991,2,3,46,1,0,7,2,24950,3198.62280273438,1972.19470214844,5170.8173828125,1,0.100000001490116,10,10,20,8,2.75,56,32
"42",32061,1991,2,3,40,1,0,8,2,16235,2936.35180664062,463.162200927734,3399.51416015625,1,0.100000001490116,10,10,20,8,2.75,56,32
"43",32064,1991,2,3,32,1,2,7,4,43750,4134.57373046875,3226.94702148438,7361.52001953125,1,0.100000001490116,10,10,20,8,2.75,56,32
"44",32121,1991,2,3,52,0,0,7,6,54780,3104.54565429688,6553.47119140625,9658.0166015625,1,0.100000001490116,10,10,20,8,2.75,56,32
"45",32141,1991,2,3,50,1,1,8,5,151110,2930.93603515625,528.392028808594,3459.32788085938,1,0.100000001490116,10,10,20,8,2.75,56,32
"46",33014,1991,3,3,27,1,0,4,0.200000002980232,1100,3349.0224609375,434.772247314453,3783.794921875,1,0.200000002980232,12,10,20,8,2.75,56,61
"47",33034,1991,3,3,40,0,0,2,1,6890,3073.90893554688,510.689880371094,3584.59887695312,1,0.200000002980232,12,10,20,8,2.75,56,61
"48",33051,1991,3,3,28,1,1,5,13,80950,3440.6240234375,693.722351074219,4134.34619140625,1,0.200000002980232,12,10,20,8,2.75,56,61
"49",33054,1991,3,3,38,1,2,5,2,8120,3391.48095703125,337.905639648438,3729.38598632812,1,0.200000002980232,12,10,20,8,2.75,56,61
"50",33064,1991,3,3,50,1,0,14,20,641400,3158.70947265625,763.074096679688,3921.78369140625,1,0.200000002980232,12,10,20,8,2.75,56,61
"51",33131,1991,3,3,28,1,2,6,1.5,23100,2940.32348632812,336.601715087891,3276.92553710938,1,0.200000002980232,12,10,20,8,2.75,56,61
"52",33141,1991,3,3,32,1,0,7,0.25,2660,2188.53149414062,302.881256103516,2491.41259765625,1,0.200000002980232,12,10,20,8,2.75,56,61
"53",41011,1991,1,4,32,1,7,8,8,15405,1548.39794921875,122.616470336914,1671.01440429688,1,0.600000023841858,10,10,10,8,2,55,4
"54",41014,1991,1,4,44,1,5,9,9,22500,2609.12768554688,730.224792480469,3339.35229492188,1,0.600000023841858,10,10,10,8,2,55,4
"55",41021,1991,1,4,25,1,0,3,2,12315,3234.93334960938,518.820556640625,3753.75390625,1,0.600000023841858,10,10,10,8,2,55,4
"56",41034,1991,1,4,29,1,0,2,33,45725,3426.14111328125,338.998901367188,3765.14013671875,1,0.600000023841858,10,10,10,8,2,55,4
"57",41054,1991,1,4,29,1,0,3,11,18845,3509.32495117188,472.166961669922,3981.49243164062,1,0.600000023841858,10,10,10,8,2,55,4
"58",41071,1991,1,4,61,1,0,4,32,63605,3175.72241210938,2930.17700195312,6105.8994140625,1,0.600000023841858,10,10,10,8,2,55,4
"59",41091,1991,1,4,28,1,8,4,1,41900,2110.7939453125,729.595336914062,2840.38940429688,1,0.600000023841858,10,10,10,8,2,55,4
"60",42011,1991,2,4,34,1,0,6,3,14365,2342.4384765625,715.189880371094,3057.62866210938,1,0.600000023841858,10,10,10,8,2,50,33
"61",42034,1991,2,4,46,1,4,7,15,29535,2639.11157226562,515.742980957031,3154.85424804688,1,0.600000023841858,10,10,10,8,2,50,33
"62",42041,1991,2,4,32,1,0,6,3,10170,2313.55493164062,615.674072265625,2929.22924804688,1,0.600000023841858,10,10,10,8,2,50,33
"63",42044,1991,2,4,21,1,0,3,23,11985,2611.05322265625,1215.69091796875,3826.744140625,1,0.600000023841858,10,10,10,8,2,50,33
"64",42054,1991,2,4,44,1,0,6,40,32150,2559.06323242188,2817.37036132812,5376.43359375,1,0.600000023841858,10,10,10,8,2,50,33
"65",42092,1991,2,4,26,1,8,3,18,38160,3414.009765625,844.152160644531,4258.16162109375,1,0.600000023841858,10,10,10,8,2,50,33
"66",42112,1991,2,4,30,1,5,4,2,17280,3032.75,649.286804199219,3682.03662109375,1,0.600000023841858,10,10,10,8,2,50,33
"67",43024,1991,3,4,22,1,0,2,4,9935,3032.75024414062,1174.93103027344,4207.68115234375,1,0.579999983310699,10,10,10,8,2,55,62
"68",43044,1991,3,4,28,0,0,6,33,47585,2423.31127929688,654.680114746094,3077.99145507812,1,0.579999983310699,10,10,10,8,2,55,62
"69",43051,1991,3,4,36,1,0,5,7,29700,2688.18896484375,557.650329589844,3245.83984375,1,0.579999983310699,10,10,10,8,2,55,62
"70",43054,1991,3,4,29,1,0,4,3,16595,2356.87963867188,498.514251708984,2855.39404296875,1,0.579999983310699,10,10,10,8,2,55,62
"71",43061,1991,3,4,29,1,8,3,3,20820,3379.34985351562,3319.1279296875,6698.478515625,1,0.579999983310699,10,10,10,8,2,55,62
"72",43081,1991,3,4,52,1,0,10,6,33085,1625.55395507812,215.118530273438,1840.67248535156,1,0.579999983310699,10,10,10,8,2,55,62
"73",43091,1991,3,4,40,1,7,6,13,130580,2977.87133789062,1722.44189453125,4700.3134765625,1,0.579999983310699,10,10,10,8,2,55,62
"74",43111,1991,3,4,44,1,5,4,1,805,2361.21215820312,294.297271728516,2655.50952148438,1,0.579999983310699,10,10,10,8,2,55,62
"75",43121,1991,3,4,28,0,0,2,2,9570,3647.96508789062,551.411926269531,4199.376953125,1,0.579999983310699,10,10,10,8,2,55,62
"76",51014,1991,1,5,30,1,0,1,4,9270,5900.86474609375,467.730102539062,6368.5947265625,0,0.5,11,8,8,9,1.5,64,5
"77",51024,1991,1,5,40,1,0,7,4,9775,2130.35205078125,215.017105102539,2345.36938476562,0,0.5,11,8,8,9,1.5,64,5
"78",51044,1991,1,5,25,1,0,6,16,38665,3298.4765625,566.048400878906,3864.52514648438,0,0.5,11,8,8,9,1.5,64,5
"79",51054,1991,1,5,25,1,12,4,15,36055,2909.27368164062,621.136108398438,3530.40991210938,0,0.5,11,8,8,9,1.5,64,5
"80",51111,1991,1,5,35,1,5,5,10,27900,2601.23291015625,284.433410644531,2885.66650390625,0,0.5,11,8,8,9,1.5,64,5
"81",52024,1991,2,5,27,1,2,3,2,17700,2596.61157226562,334.662902832031,2931.2744140625,0,0.300000011920929,11,8,8,9,1.5,64,34
"82",52031,1991,2,5,45,0,4,2,3,15150,4089.88012695312,1442.44140625,5532.3212890625,0,0.300000011920929,11,8,8,9,1.5,64,34
"83",52101,1991,2,5,47,1,10,4,8,29750,3383.68237304688,641.823669433594,4025.50610351562,0,0.300000011920929,11,8,8,9,1.5,64,34
"84",53024,1991,3,5,25,1,0,3,10,13550,2622.60668945312,193.821701049805,2816.42846679688,1,0.0500000007450581,10,8,9,9,1.5,64,63
"85",53091,1991,3,5,35,1,2,6,45,63700,2339.55004882812,272.443908691406,2611.99438476562,1,0.0500000007450581,10,8,9,9,1.5,64,63
"86",61014,1991,1,6,69,1,0,5,7,12060,3831.26318359375,1136.990234375,4968.2529296875,1,0.800000011920929,10,9,15,7,2.5,56,6
"87",61031,1991,1,6,38,1,0,6,7.5,26550,2417.53540039062,236.165954589844,2653.701171875,1,0.800000011920929,10,9,15,7,2.5,56,6
"88",61044,1991,1,6,35,1,0,6,5,14615,2713.58911132812,443.430267333984,3157.01928710938,1,0.800000011920929,10,9,15,7,2.5,56,6
"89",61121,1991,1,6,53,1,0,11,39,77550,3469.1513671875,1404.31982421875,4873.47216796875,1,0.800000011920929,10,9,15,7,2.5,56,6
"90",62034,1991,2,6,30,1,0,2,3,12750,5792.55224609375,2323.10205078125,8115.65380859375,1,0.850000023841858,10,9,14,8,2.5,56,35
"91",62041,1991,2,6,45,1,0,3,4,24970,4193.85986328125,1185.80395507812,5379.66357421875,1,0.850000023841858,10,9,14,8,2.5,56,35
"92",62044,1991,2,6,24,1,0,4,3,18100,2937.43481445312,1409.24768066406,4346.6826171875,1,0.850000023841858,10,9,14,8,2.5,56,35
"93",62051,1991,2,6,52,1,0,4,3,18500,5330.05810546875,1331.17065429688,6661.22900390625,1,0.850000023841858,10,9,14,8,2.5,56,35
"94",62061,1991,2,6,50,1,0,6,45,84500,4144.75830078125,622.092407226562,4766.85107421875,1,0.850000023841858,10,9,14,8,2.5,56,35
"95",62071,1991,2,6,38,1,5,5,3,20600,3706.88745117188,991.272583007812,4698.16064453125,1,0.850000023841858,10,9,14,8,2.5,56,35
"96",62091,1991,2,6,35,1,0,4,5,35000,4397.48779296875,1072.53063964844,5470.01806640625,1,0.850000023841858,10,9,14,8,2.5,56,35
"97",62101,1991,2,6,20,1,0,3,1,4450,4216.96630859375,815.94189453125,5032.908203125,1,0.850000023841858,10,9,14,8,2.5,56,35
"98",62111,1991,2,6,34,1,4,4,4,27600,5237.9921875,1641.12463378906,6879.11767578125,1,0.850000023841858,10,9,14,8,2.5,56,35
"99",63021,1991,3,6,52,1,0,5,0.5,4200,2654.9560546875,566.111572265625,3221.0673828125,1,0.25,10,8.5,14,7,2.5,56,64
"100",63034,1991,3,6,46,1,3,14,8.5,189700,3241.94799804688,615.714294433594,3857.66284179688,1,0.25,10,8.5,14,7,2.5,56,64
"101",63041,1991,3,6,42,1,5,7,1,122350,5624.82275390625,2312.50073242188,7937.32373046875,1,0.25,10,8.5,14,7,2.5,56,64
"102",63044,1991,3,6,35,1,0,7,3,65540,2462.09765625,546.439147949219,3008.537109375,1,0.25,10,8.5,14,7,2.5,56,64
"103",63051,1991,3,6,48,1,8,5,4,74750,7067.17431640625,2753.75854492188,9820.9326171875,1,0.25,10,8.5,14,7,2.5,56,64
"104",63091,1991,3,6,35,1,0,5,1,15900,2415.91040039062,426.296661376953,2842.20703125,1,0.25,10,8.5,14,7,2.5,56,64
"105",63101,1991,3,6,45,1,0,8,2,24950,2038.44140625,240.167144775391,2278.60864257812,1,0.25,10,8.5,14,7,2.5,56,64
"106",63111,1991,3,6,48,1,0,7,5,10700,2240.76879882812,267.491485595703,2508.26025390625,1,0.25,10,8.5,14,7,2.5,56,64
"107",71021,1991,1,7,50,1,0,6,1,23925,3844.20190429688,753.408569335938,4597.6103515625,1,0.899999976158142,11,8,14,8,2,52,7
"108",71031,1991,1,7,56,1,0,12,13,48150,3426.8837890625,2172.64575195312,5599.529296875,1,0.899999976158142,11,8,14,8,2,52,7
"109",71041,1991,1,7,29,1,1,5,1,18150,2835.18798828125,282.022125244141,3117.21020507812,1,0.899999976158142,11,8,14,8,2,52,7
"110",71054,1991,1,7,55,1,2,7,5,33280,2354.404296875,277.527160644531,2631.93139648438,1,0.899999976158142,11,8,14,8,2,52,7
"111",71071,1991,1,7,60,1,3,5,6,27725,2972.09521484375,564.752807617188,3536.84765625,1,0.899999976158142,11,8,14,8,2,52,7
"112",71101,1991,1,7,32,0,0,2,1,3375,3344.68994140625,259.086944580078,3603.77709960938,1,0.899999976158142,11,8,14,8,2,52,7
"113",71111,1991,1,7,33,1,8,5,6,31740,2152.38598632812,250.475387573242,2402.86181640625,1,0.899999976158142,11,8,14,8,2,52,7
"114",71141,1991,1,7,24,1,0,6,3,8500,2027.60974121094,183.111129760742,2210.72045898438,1,0.899999976158142,11,8,14,8,2,52,7
"115",72014,1991,2,7,41,1,5,8,12,97900,3634.96752929688,847.670532226562,4482.63720703125,1,0.75,10,9,12,7,2,50,36
"116",72021,1991,2,7,45,1,7,4,15,31675,2651.490234375,5161.4453125,7812.9365234375,1,0.75,10,9,12,7,2,50,36
"117",72024,1991,2,7,45,1,0,7,1.5,5481.5,1619.11730957031,105.962730407715,1725.080078125,1,0.75,10,9,12,7,2,50,36
"118",72061,1991,2,7,28,1,0,4,2,7500,3197.38500976562,275.648406982422,3473.033203125,1,0.75,10,9,12,7,2,50,36
"119",72071,1991,2,7,33,1,0,6,1,26850,2530.17993164062,611.966369628906,3142.146484375,1,0.75,10,9,12,7,2,50,36
"120",72081,1991,2,7,38,0,0,6,27,168090,2749.69311523438,420.142852783203,3169.83569335938,1,0.75,10,9,12,7,2,50,36
"121",72091,1991,2,7,31,1,0,6,21,94825,3304.25390625,728.280944824219,4032.53442382812,1,0.75,10,9,12,7,2,50,36
"122",72121,1991,2,7,55,1,0,4,4,29450,2719.47680664062,347.870697021484,3067.34765625,1,0.75,10,9,12,7,2,50,36
"123",72131,1991,2,7,27,1,0,3,8,21830,3223.38012695312,705.704406738281,3929.0849609375,1,0.75,10,9,12,7,2,50,36
"124",72141,1991,2,7,41,1,0,3,1,7800,3801.046875,787.193298339844,4588.240234375,1,0.75,10,9,12,7,2,50,36
"125",73021,1991,3,7,34,1,1,5,2,7385,2939.4345703125,433.416107177734,3372.8505859375,1,0.75,10,8,10,7,2.5,48,65
"126",73031,1991,3,7,50,1,1,7,1,2185,1767.66003417969,210.849578857422,1978.50964355469,1,0.75,10,8,10,7,2.5,48,65
"127",73044,1991,3,7,32,1,0,3,3,10710,2998.09008789062,1490.31604003906,4488.40673828125,1,0.75,10,8,10,7,2.5,48,65
"128",73051,1991,3,7,32,1,0,5,3,13430,2450.46166992188,210.324340820312,2660.78588867188,1,0.75,10,8,10,7,2.5,48,65
"129",73064,1991,3,7,65,1,0,8,24,40660,2811.79223632812,735.223388671875,3547.01586914062,1,0.75,10,8,10,7,2.5,48,65
"130",73091,1991,3,7,25,1,0,2,1,1280,3032.75,987.639709472656,4020.3896484375,1,0.75,10,8,10,7,2.5,48,65
"131",73111,1991,3,7,31,1,0,5,5,16050,2538.84497070312,430.727478027344,2969.57250976562,1,0.75,10,8,10,7,2.5,48,65
"132",73121,1991,3,7,52,1,0,4,4,7700,2815.45849609375,445.551605224609,3261.01000976562,1,0.75,10,8,10,7,2.5,48,65
"133",73131,1991,3,7,55,1,0,4,1,250,2957.65356445312,485.124176025391,3442.77807617188,1,0.75,10,8,10,7,2.5,48,65
"134",81011,1991,1,8,48,1,5,6,7.51000022888184,17640,4098.544921875,830.111877441406,4928.65576171875,1,0.400000005960464,8.5,6.5,10,9,2.5,56,8
"135",81021,1991,1,8,48,1,7,5,1,13570,2896.81787109375,712.607116699219,3609.4248046875,1,0.400000005960464,8.5,6.5,10,9,2.5,56,8
"136",81034,1991,1,8,32,1,2,5,1,1150,2776.26611328125,203.684844970703,2979.95092773438,1,0.400000005960464,8.5,6.5,10,9,2.5,56,8
"137",81041,1991,1,8,30,1,4,4,10,17660,2291.89282226562,1029.4541015625,3321.3466796875,1,0.400000005960464,8.5,6.5,10,9,2.5,56,8
"138",81054,1991,1,8,29,1,0,4,20,19160,3171.39038085938,747.670593261719,3919.06103515625,1,0.400000005960464,8.5,6.5,10,9,2.5,56,8
"139",81071,1991,1,8,27,1,0,3,5.625,10250,3032.75,358.937835693359,3391.68823242188,1,0.400000005960464,8.5,6.5,10,9,2.5,56,8
"140",81081,1991,1,8,38,1,0,7,45,52660,2090.74072265625,238.367660522461,2329.10864257812,1,0.400000005960464,8.5,6.5,10,9,2.5,56,8
"141",82024,1991,2,8,28,1,0,4,1,3330,3565.64721679688,553.395935058594,4119.04296875,1,0.990000009536743,8.5,6.5,12,9,2.5,56,37
"142",82061,1991,2,8,22,1,0,5,6,25660,3865.25634765625,557.775939941406,4423.03271484375,1,0.990000009536743,8.5,6.5,12,9,2.5,56,37
"143",82091,1991,2,8,32,1,1,4,1,3040,4401.81982421875,1227.12622070312,5628.9453125,1,0.990000009536743,8.5,6.5,12,9,2.5,56,37
"144",82111,1991,2,8,45,1,0,5,32.5,67240,2839.95336914062,1489.96179199219,4329.9150390625,1,0.990000009536743,8.5,6.5,12,9,2.5,56,37
"145",83011,1991,3,8,45,1,1,4,1,9050,3483.32983398438,438.57421875,3921.90405273438,1,0.400000005960464,8,7,10,9,2.5,56,66
"146",83034,1991,3,8,32,1,0,4,8,6075,2271.01782226562,301.977386474609,2572.9951171875,1,0.400000005960464,8,7,10,9,2.5,56,66
"147",83041,1991,3,8,42,1,0,4,7,21370,4022.72607421875,371.357391357422,4394.0830078125,1,0.400000005960464,8,7,10,9,2.5,56,66
"148",83071,1991,3,8,45,1,0,6,24,37175,2918.66088867188,542.643249511719,3461.30395507812,1,0.400000005960464,8,7,10,9,2.5,56,66
"149",83091,1991,3,8,38,1,0,6,5,50520,3008.19921875,4059.36938476562,7067.568359375,1,0.400000005960464,8,7,10,9,2.5,56,66
"150",83111,1991,3,8,45,1,0,8,5.00999975204468,5006,2277.38793945312,315.704010009766,2593.09204101562,1,0.400000005960464,8,7,10,9,2.5,56,66
"151",83121,1991,3,8,30,1,4,6,1,24780,3103.5146484375,1553.31164550781,4656.82568359375,1,0.400000005960464,8,7,10,9,2.5,56,66
"152",91012,1991,1,9,52,1,7,13,49,77600,2526.9873046875,1630.640625,4157.6279296875,1,0.949999988079071,10,9,10,10,2,56,9
"153",91044,1991,1,9,27,1,7,5,2,9885,3750.21142578125,3389.08666992188,7139.29833984375,1,0.949999988079071,10,9,10,10,2,56,9
"154",91052,1991,1,9,41,1,0,7,1,14470,3258.9521484375,262.540008544922,3521.49194335938,1,0.949999988079071,10,9,10,10,2,56,9
"155",91062,1991,1,9,42,1,0,4,2,14015,4276.17724609375,699.654418945312,4975.83154296875,1,0.949999988079071,10,9,10,10,2,56,9
"156",91072,1991,1,9,38,0,0,3,10,14940,3552.65014648438,479.500610351562,4032.15063476562,1,0.949999988079071,10,9,10,10,2,56,9
"157",91082,1991,1,9,35,0,0,3,1,1350,3301.365234375,1698.92346191406,5000.28857421875,1,0.949999988079071,10,9,10,10,2,56,9
"158",92014,1991,2,9,48,1,10,6,25,20580,2761.42016601562,792.613220214844,3554.033203125,1,0.600000023841858,10.5,8,8,10,2.5,56,38
"159",92024,1991,2,9,41,1,0,6,45,21460,2196,719.250671386719,2915.2509765625,1,0.600000023841858,10.5,8,8,10,2.5,56,38
"160",92034,1991,2,9,42,1,0,5,3,7490,1757.26208496094,332.679992675781,2089.94189453125,1,0.600000023841858,10.5,8,8,10,2.5,56,38
"161",92062,1991,2,9,34,1,0,5,10,10490,3244.17578125,871.839477539062,4116.0146484375,1,0.600000023841858,10.5,8,8,10,2.5,56,38
"162",92072,1991,2,9,35,1,6,6,5,14975,2378.83129882812,831.063293457031,3209.89453125,1,0.600000023841858,10.5,8,8,10,2.5,56,38
"163",92092,1991,2,9,60,1,0,9,3,15500,1615.73364257812,438.539001464844,2054.2724609375,1,0.600000023841858,10.5,8,8,10,2.5,56,38
"164",92112,1991,2,9,35,1,0,7,3.5,11000,2299.93872070312,505.701324462891,2805.63940429688,1,0.600000023841858,10.5,8,8,10,2.5,56,38
"165",93012,1991,3,9,30,1,12,3,1,53575,4329.61181640625,2022.7734375,6352.38525390625,1,0.5,10,8,8,8,2,48,67
"166",93014,1991,3,9,59,1,5,7,8,11440,3067.40991210938,263.221282958984,3330.63110351562,1,0.5,10,8,8,8,2,48,67
"167",93024,1991,3,9,25,1,0,2,11,15270,4455.9765625,607.1064453125,5063.08251953125,1,0.5,10,8,8,8,2,48,67
"168",93034,1991,3,9,54,1,0,5,1,16635,2575.23779296875,216.007965087891,2791.24584960938,1,0.5,10,8,8,8,2,48,67
"169",93054,1991,3,9,62,1,0,2,5,3720,3082.26416015625,770.734802246094,3852.99926757812,1,0.5,10,8,8,8,2,48,67
"170",93072,1991,3,9,44,1,5,4,28,16240,2451.17993164062,412.771026611328,2863.951171875,1,0.5,10,8,8,8,2,48,67
"171",93122,1991,3,9,70,1,2,4,1,6130,3587.310546875,1092.75671386719,4680.0673828125,1,0.5,10,8,8,8,2,48,67
"172",101014,1991,1,10,30,1,0,4,7,14000,2322.21997070312,138.190307617188,2460.41015625,1,0,10,8,10,10,2.25,50,10
"173",101022,1991,1,10,28,1,5,3,41,41430,1883.193359375,432.997314453125,2316.1904296875,1,0,10,8,10,10,2.25,50,10
"174",101034,1991,1,10,54,1,0,2,25,18300,3240.71020507812,234.187591552734,3474.89770507812,1,0,10,8,10,10,2.25,50,10
"175",101042,1991,1,10,59,1,10,8,3,31400,3443.15625,2043.16003417969,5486.31640625,1,0,10,8,10,10,2.25,50,10
"176",101044,1991,1,10,60,1,0,5,24,15800,2432.38891601562,258.899749755859,2691.28857421875,1,0,10,8,10,10,2.25,50,10
"177",102014,1991,2,10,27,1,6,2,2,7350,4072.55029296875,2000.11865234375,6072.66845703125,1,0.800000011920929,10,1,12,8,2,50,39
"178",102032,1991,2,10,34,1,4,7,27,51800,2443.53051757812,650.965209960938,3094.49609375,1,0.800000011920929,10,1,12,8,2,50,39
"179",102034,1991,2,10,40,1,0,7,4,9500,2017.70715332031,163.418975830078,2181.12622070312,1,0.800000011920929,10,1,12,8,2,50,39
"180",102052,1991,2,10,42,1,0,6,7,7700,2411.75830078125,214.12646484375,2625.884765625,1,0.800000011920929,10,1,12,8,2,50,39
"181",102054,1991,2,10,33,1,0,5,10,14200,2925.30419921875,375.806793212891,3301.11083984375,1,0.800000011920929,10,1,12,8,2,50,39
"182",102082,1991,2,10,42,1,3,3,29,23940,3494.88305664062,628.877197265625,4123.76025390625,1,0.800000011920929,10,1,12,8,2,50,39
"183",102092,1991,2,10,42,1,0,5,10,10950,2894.10986328125,331.215698242188,3225.3251953125,1,0.800000011920929,10,1,12,8,2,50,39
"184",103034,1991,3,10,58,1,6,12,48,50100,2740.17895507812,418.774810791016,3158.95361328125,1,0,10,9.5,10,8.5,2.5,55,68
"185",103042,1991,3,10,32,1,5,5,18,40440,4353.2958984375,499.996826171875,4853.29248046875,1,0,10,9.5,10,8.5,2.5,55,68
"186",103054,1991,3,10,29,1,0,2,2,6950,4895.724609375,546.911804199219,5442.6357421875,1,0,10,9.5,10,8.5,2.5,55,68
"187",103122,1991,3,10,36,1,5,6,27,33410,2983.6484375,187.346481323242,3170.99536132812,1,0,10,9.5,10,8.5,2.5,55,68
"188",111022,1991,1,11,40,1,1,5,5,15770,3844.20190429688,841.233764648438,4685.43603515625,1,0,10,9,12,10,3,55,11
"189",111032,1991,1,11,35,1,1,7,6,6705,2064.74584960938,309.130645751953,2373.87670898438,1,0,10,9,12,10,3,55,11
"190",111042,1991,1,11,26,1,3,4,8,30220,3275.3701171875,554.428100585938,3829.79809570312,1,0,10,9,12,10,3,55,11
"191",111062,1991,1,11,48,1,2,6,3,16082,2839.23168945312,392.140228271484,3231.3720703125,1,0,10,9,12,10,3,55,11
"192",111082,1991,1,11,55,1,3,4,20,20315,2803.12744140625,390.843841552734,3193.97143554688,1,0,10,9,12,10,3,55,11
"193",111102,1991,1,11,25,1,0,3,7,8775,3660.96264648438,984.71826171875,4645.6806640625,1,0,10,9,12,10,3,55,11
"194",111112,1991,1,11,32,1,0,4,6,7490,3037.08227539062,172.460525512695,3209.54248046875,1,0,10,9,12,10,3,55,11
"195",112014,1991,2,11,56,1,0,8,7,27220,3200.77514648438,866.23193359375,4067.00708007812,1,0.800000011920929,10,9.5,15,10,3,55,40
"196",112022,1991,2,11,35,1,2,6,45,45280,3601.75122070312,1047.63000488281,4649.380859375,1,0.800000011920929,10,9.5,15,10,3,55,40
"197",112024,1991,2,11,66,1,0,6,35,31625,2021.83312988281,143.142059326172,2164.97534179688,1,0.800000011920929,10,9.5,15,10,3,55,40
"198",112032,1991,2,11,60,1,0,6,38,8995,2391.53979492188,222.0712890625,2613.61108398438,1,0.800000011920929,10,9.5,15,10,3,55,40
"199",112034,1991,2,11,42,1,8,5,45,57075,3773.86303710938,1578.37353515625,5352.2373046875,1,0.800000011920929,10,9.5,15,10,3,55,40
"200",112044,1991,2,11,24,1,3,3,1,5075,2670.39526367188,300.644958496094,2971.04028320312,1,0.800000011920929,10,9.5,15,10,3,55,40
"201",112062,1991,2,11,38,1,3,6,18,27580,2951.87670898438,310.764984130859,3262.6416015625,1,0.800000011920929,10,9.5,15,10,3,55,40
"202",112072,1991,2,11,37,1,0,6,3,6245,2542.03735351562,322.352691650391,2864.38989257812,1,0.800000011920929,10,9.5,15,10,3,55,40
"203",112102,1991,2,11,32,1,5,3,3,6660,2911.44018554688,337.814819335938,3249.25561523438,1,0.800000011920929,10,9.5,15,10,3,55,40
"204",112112,1991,2,11,52,1,2,6,46,54830,2736.69555664062,516.254150390625,3252.94921875,1,0.800000011920929,10,9.5,15,10,3,55,40
"205",113014,1991,3,11,35,1,4,6,2,3015,2891.94409179688,226.973526000977,3118.91748046875,1,0.0500000007450581,10,9.5,14,10,2.75,55,69
"206",113025,1991,3,11,60,1,9,2,1,1,4043.22241210938,10297.3291015625,14340.5517578125,1,0.0500000007450581,10,9.5,14,10,2.75,55,69
"207",113034,1991,3,11,36,1,2,5,46,27028,3143.39575195312,690.870910644531,3834.26635742188,1,0.0500000007450581,10,9.5,14,10,2.75,55,69
"208",113052,1991,3,11,26,1,2,2,3,4503,3760.6103515625,421.402862548828,4182.01318359375,1,0.0500000007450581,10,9.5,14,10,2.75,55,69
"209",113062,1991,3,11,32,1,3,6,14,27440,3104.9580078125,613.370178222656,3718.328125,1,0.0500000007450581,10,9.5,14,10,2.75,55,69
"210",113082,1991,3,11,24,1,6,6,8,15240,2599.5,335.215850830078,2934.71557617188,1,0.0500000007450581,10,9.5,14,10,2.75,55,69
"211",113092,1991,3,11,32,1,2,4,6,11875,3608.97265625,629.744506835938,4238.716796875,1,0.0500000007450581,10,9.5,14,10,2.75,55,69
"212",113102,1991,3,11,24,1,2,2,2,4965,3933.90991210938,325.321990966797,4259.23193359375,1,0.0500000007450581,10,9.5,14,10,2.75,55,69
"213",121014,1991,1,12,50,1,0,10,10,16570,2795.32934570312,222.292190551758,3017.62158203125,1,0.25,9,7,16,8,2.5,56,12
"214",121024,1991,1,12,20,1,0,6,1,1185,2810.34838867188,530.095336914062,3340.44360351562,1,0.25,9,7,16,8,2.5,56,12
"215",121034,1991,1,12,41,1,6,14,8,9500,1775.08703613281,357.950653076172,2133.03759765625,1,0.25,9,7,16,8,2.5,56,12
"216",121092,1991,1,12,38,1,2,6,1,9036,3679.736328125,588.380798339844,4268.11669921875,1,0.25,9,7,16,8,2.5,56,12
"217",121102,1991,1,12,31,1,3,4,7,8300,3089.07250976562,534.467163085938,3623.53955078125,1,0.25,9,7,16,8,2.5,56,12
"218",122022,1991,2,12,27,1,0,3,8,10315,2426.19995117188,458.262817382812,2884.46264648438,1,0.129999995231628,9,7.5,16,8,2.5,56,41
"219",122034,1991,2,12,60,1,0,10,48,59460,4005.82958984375,2490.83154296875,6496.6611328125,1,0.129999995231628,9,7.5,16,8,2.5,56,41
"220",122062,1991,2,12,50,1,2,8,28,9525,1581.36254882812,340.355133056641,1921.71752929688,1,0.129999995231628,9,7.5,16,8,2.5,56,41
"221",122122,1991,2,12,25,1,0,3,28,10225,3373.5732421875,548.881042480469,3922.45434570312,1,0.129999995231628,9,7.5,16,8,2.5,56,41
"222",123012,1991,3,12,60,1,0,7,20,27900,2641.58715820312,383.381011962891,3024.96801757812,1,0.75,9,7.5,16,8,2.5,56,70
"223",123022,1991,3,12,32,1,12,6,20,33365,3940.84252929688,621.592712402344,4562.43505859375,1,0.75,9,7.5,16,8,2.5,56,70
"224",123032,1991,3,12,25,1,0,5,40,33595,2944.86181640625,1311.13037109375,4255.9921875,1,0.75,9,7.5,16,8,2.5,56,70
"225",123042,1991,3,12,65,1,0,2,17.5,18530,4124.5400390625,1142.67907714844,5267.21875,1,0.75,9,7.5,16,8,2.5,56,70
"226",123044,1991,3,12,25,1,0,5,45,37655,2762.40209960938,294.879089355469,3057.28100585938,1,0.75,9,7.5,16,8,2.5,56,70
"227",123052,1991,3,12,37,1,5,5,11,38617,3178.32202148438,1070.61535644531,4248.93701171875,1,0.75,9,7.5,16,8,2.5,56,70
"228",123062,1991,3,12,30,1,5,4,18.75,42975,3942.57495117188,538.606201171875,4481.181640625,1,0.75,9,7.5,16,8,2.5,56,70
"229",131014,1991,1,13,35,1,0,7,39,55200,2198.43432617188,3323.06518554688,5521.49951171875,1,0.449999988079071,10.3999996185303,8.5,13,8,2.25,48,13
"230",131022,1991,1,13,24,1,0,3,2,2098,2039.16345214844,210.268676757812,2249.43212890625,1,0.449999988079071,10.3999996185303,8.5,13,8,2.25,48,13
"231",131042,1991,1,13,35,1,0,5,1,7050,3500.66015625,630.695556640625,4131.35546875,1,0.449999988079071,10.3999996185303,8.5,13,8,2.25,48,13
"232",131054,1991,1,13,38,1,11,4,10,32007,3730.28247070312,998.410583496094,4728.69287109375,1,0.449999988079071,10.3999996185303,8.5,13,8,2.25,48,13
"233",132022,1991,2,13,36,1,0,7,30,43100,2262.93310546875,265.233764648438,2528.1669921875,1,0.5,10.3999996185303,9,16,10,2.5,56,42
"234",132042,1991,2,13,25,1,16,2,20,56450,5095.0205078125,12296.818359375,17391.83984375,1,0.5,10.3999996185303,9,16,10,2.5,56,42
"235",132072,1991,2,13,43,1,10,5,2,17000,4280.51025390625,1130.76928710938,5411.279296875,1,0.5,10.3999996185303,9,16,10,2.5,56,42
"236",132092,1991,2,13,41,1,0,4,27,45239,3886.25244140625,467.881225585938,4354.1337890625,1,0.5,10.3999996185303,9,16,10,2.5,56,42
"237",133012,1991,3,13,40,1,0,5,3,7250,2629.49389648438,479.279998779297,3108.77368164062,1,0.519999980926514,11,9.5,16,8,2.5,48,71
"238",133034,1991,3,13,36,1,0,5,1,2700,3025.81811523438,368.328582763672,3394.14697265625,1,0.519999980926514,11,9.5,16,8,2.5,48,71
"239",133054,1991,3,13,38,1,0,6,34,49900,3971.45825195312,1833.48132324219,5804.939453125,1,0.519999980926514,11,9.5,16,8,2.5,48,71
"240",133062,1991,3,13,59,1,3,7,1,209185,6154.62646484375,2843.435546875,8998.0615234375,1,0.519999980926514,11,9.5,16,8,2.5,48,71
"241",133072,1991,3,13,37,1,1,10,39,101714,3609.59106445312,980.578674316406,4590.17041015625,1,0.519999980926514,11,9.5,16,8,2.5,48,71
"242",133112,1991,3,13,38,1,0,6,1,1425,2016.056640625,163.185989379883,2179.24243164062,1,0.519999980926514,11,9.5,16,8,2.5,48,71
"243",133122,1991,3,13,34,1,0,5,1,2680,2370.744140625,496.248382568359,2866.99243164062,1,0.519999980926514,11,9.5,16,8,2.5,48,71
"244",141012,1991,1,14,53,1,0,7,4,5220,2370.744140625,131.862167358398,2502.6064453125,1,0.119999997317791,10,10,15,9,2.5,56,14
"245",141014,1991,1,14,23,1,0,3,3,3138,3468.88842773438,448.102508544922,3916.99096679688,1,0.119999997317791,10,10,15,9,2.5,56,14
"246",141042,1991,1,14,28,1,5,5,4,15620,3143.66186523438,359.718536376953,3503.38037109375,1,0.119999997317791,10,10,15,9,2.5,56,14
"247",141044,1991,1,14,35,1,4,4,19,6155,2616.830078125,163.904602050781,2780.73486328125,1,0.119999997317791,10,10,15,9,2.5,56,14
"248",141054,1991,1,14,30,1,10,4,3,6030,2205.24243164062,515.180480957031,2720.4228515625,1,0.119999997317791,10,10,15,9,2.5,56,14
"249",141072,1991,1,14,35,1,3,4,13,10250,2556.1748046875,549.209838867188,3105.38452148438,1,0.119999997317791,10,10,15,9,2.5,56,14
"250",141074,1991,1,14,32,1,0,5,2,5580,2824.79028320312,359.108795166016,3183.89916992188,1,0.119999997317791,10,10,15,9,2.5,56,14
"251",141102,1991,1,14,35,1,7,4,1,3655,2586.50244140625,316.160003662109,2902.662109375,1,0.119999997317791,10,10,15,9,2.5,56,14
"252",141122,1991,1,14,29,1,0,4,25,52639,2255.06640625,332.577270507812,2587.6435546875,1,0.119999997317791,10,10,15,9,2.5,56,14
"253",141162,1991,1,14,50,1,0,4,1,4610,2876.44653320312,302.399261474609,3178.845703125,1,0.119999997317791,10,10,15,9,2.5,56,14
"254",142012,1991,2,14,27,1,0,5,4,23500,3320.427734375,543.428588867188,3863.85595703125,1,0.0500000007450581,10.5,10,16,9,2,52,43
"255",142022,1991,2,14,50,1,0,7,7,43560,3631.87280273438,642.30078125,4274.17431640625,1,0.0500000007450581,10.5,10,16,9,2,52,43
"256",142034,1991,2,14,45,1,0,4,16,40830,3175.72265625,228.178558349609,3403.9013671875,1,0.0500000007450581,10.5,10,16,9,2,52,43
"257",142052,1991,2,14,37,1,2,5,1,47100,3341.22387695312,525.953308105469,3867.17724609375,1,0.0500000007450581,10.5,10,16,9,2,52,43
"258",142064,1991,2,14,46,1,9,4,10,77700,3130.23120117188,820.033630371094,3950.2646484375,1,0.0500000007450581,10.5,10,16,9,2,52,43
"259",142082,1991,2,14,50,1,0,6,10,52210,3204.60571289062,361.829986572266,3566.43530273438,1,0.0500000007450581,10.5,10,16,9,2,52,43
"260",142102,1991,2,14,28,1,10,4,5,57805,3084.740234375,695.242309570312,3779.982421875,1,0.0500000007450581,10.5,10,16,9,2,52,43
"261",142132,1991,2,14,52,1,0,6,26,80050,3477.21337890625,683.831115722656,4161.04443359375,1,0.0500000007450581,10.5,10,16,9,2,52,43
"262",143012,1991,3,14,40,1,4,9,26,19715,2043.01428222656,124.616928100586,2167.63110351562,1,0.100000001490116,10,10,15,9,2.5,52,72
"263",143014,1991,3,14,36,1,0,6,49,29900,2297.30786132812,372.662841796875,2669.970703125,1,0.100000001490116,10,10,15,9,2.5,52,72
"264",143024,1991,3,14,45,1,4,6,41.25,31351,2221.12817382812,228.565383911133,2449.69360351562,1,0.100000001490116,10,10,15,9,2.5,52,72
"265",143032,1991,3,14,53,1,0,6,5,22850,2485.1220703125,366.789520263672,2851.91186523438,1,0.100000001490116,10,10,15,9,2.5,52,72
"266",143054,1991,3,14,37,1,10,5,6,89000,4839.06884765625,4495.86474609375,9334.9345703125,1,0.100000001490116,10,10,15,9,2.5,52,72
"267",143082,1991,3,14,40,1,8,5,1,198000,4213.7890625,1283.49096679688,5497.2802734375,1,0.100000001490116,10,10,15,9,2.5,52,72
"268",143103,1991,3,14,40,1,9,8,16.25,23050,2714.31103515625,363.813171386719,3078.1240234375,1,0.100000001490116,10,10,15,9,2.5,52,72
"269",143172,1991,3,14,45,1,0,6,10,12760,2634.15991210938,538.299743652344,3172.4599609375,1,0.100000001490116,10,10,15,9,2.5,52,72
"270",151014,1991,1,15,36,0,0,3,5,13900,3327.35961914062,510.88916015625,3838.2490234375,1,0.800000011920929,8,9,8,8,2,55,15
"271",151032,1991,1,15,27,1,2,3,10,31100,4921.7197265625,1272.62890625,6194.34912109375,1,0.800000011920929,8,9,8,8,2,55,15
"272",151044,1991,1,15,45,1,1,6,39,83300,4220.36474609375,1723.20190429688,5943.56689453125,1,0.800000011920929,8,9,8,8,2,55,15
"273",152024,1991,2,15,34,1,0,6,2,20365,2397.31665039062,368.482269287109,2765.798828125,1,0.0199999995529652,8,9,10,8,2.5,52,44
"274",152032,1991,2,15,39,1,2,8,16,72000,2613.49755859375,2673.8173828125,5287.314453125,1,0.0199999995529652,8,9,10,8,2.5,52,44
"275",152044,1991,2,15,52,1,2,3,14,37330,3136.73022460938,536.861572265625,3673.591796875,1,0.0199999995529652,8,9,10,8,2.5,52,44
"276",152062,1991,2,15,55,1,0,3,1,75,3995.2314453125,624.540771484375,4619.77197265625,1,0.0199999995529652,8,9,10,8,2.5,52,44
"277",152072,1991,2,15,32,1,0,7,1,7600,2619.30541992188,274.823822021484,2894.12939453125,1,0.0199999995529652,8,9,10,8,2.5,52,44
"278",152082,1991,2,15,38,0,0,2,1,3130,5519.6044921875,474.8125,5994.4169921875,1,0.0199999995529652,8,9,10,8,2.5,52,44
"279",152102,1991,2,15,35,1,0,8,2,16110,2694.814453125,435.921569824219,3130.73583984375,1,0.0199999995529652,8,9,10,8,2.5,52,44
"280",153022,1991,3,15,25,1,0,6,33,58385,3317.611328125,1464.98779296875,4782.59912109375,1,0.800000011920929,7,9,8,8,2,55,73
"281",153024,1991,3,15,26,1,5,3,30,15525,3523.76684570312,1693.43908691406,5217.2060546875,1,0.800000011920929,7,9,8,8,2,55,73
"282",153062,1991,3,15,37,1,0,5,5,32675,2582.16967773438,481.379241943359,3063.54907226562,1,0.800000011920929,7,9,8,8,2,55,73
"283",153082,1991,3,15,30,1,0,5,5,16150,3081.27392578125,659.039123535156,3740.31298828125,1,0.800000011920929,7,9,8,8,2,55,73
"284",153092,1991,3,15,28,1,0,4,2,6950,3102.0703125,479.621643066406,3581.69189453125,1,0.800000011920929,7,9,8,8,2,55,73
"285",153112,1991,3,15,63,1,5,3,10,33750,3271.037109375,531.252563476562,3802.28955078125,1,0.800000011920929,7,9,8,8,2,55,73
"286",161014,1991,1,16,42,1,0,6,4,12100,1955.40148925781,178.717407226562,2134.11889648438,1,0.75,10,9,12,9,2,60,16
"287",161022,1991,1,16,27,1,0,3,2,16900,2784.35327148438,274.914764404297,3059.26831054688,1,0.75,10,9,12,9,2,60,16
"288",161034,1991,1,16,65,1,0,4,6,8400,1819.64990234375,122.416610717773,1942.06652832031,1,0.75,10,9,12,9,2,60,16
"289",161042,1991,1,16,38,1,0,5,7,15550,1670.61206054688,145.857894897461,1816.46997070312,1,0.75,10,9,12,9,2,60,16
"290",161054,1991,1,16,40,1,0,8,14,31000,2103.4287109375,191.715896606445,2295.14453125,1,0.75,10,9,12,9,2,60,16
"291",161072,1991,1,16,58,1,0,7,10,37000,2663.86889648438,196.934677124023,2860.80395507812,1,0.75,10,9,12,9,2,60,16
"292",161092,1991,1,16,55,1,0,1,1,250,3333.13696289062,436.353668212891,3769.49047851562,1,0.75,10,9,12,9,2,60,16
"293",161102,1991,1,16,51,1,0,6,7,11500,1900.52331542969,272.935028076172,2173.45825195312,1,0.75,10,9,12,9,2,60,16
"294",161122,1991,1,16,28,1,0,4,5,18500,3143.22900390625,463.0576171875,3606.28662109375,1,0.75,10,9,12,9,2,60,16
"295",162012,1991,2,16,38,1,5,7,9,14800,2213.28857421875,103.394668579102,2316.68334960938,1,0.550000011920929,10,9,11,9,2,60,45
"296",162032,1991,2,16,30,1,5,3,1,8700,2674.5966796875,416.839324951172,3091.43579101562,1,0.550000011920929,10,9,11,9,2,60,45
"297",162102,1991,2,16,23,1,8,2,2,20700,4284.84228515625,792.481811523438,5077.32373046875,1,0.550000011920929,10,9,11,9,2,60,45
"298",162122,1991,2,16,60,1,5,2,10,1,4158.11669921875,382.940612792969,4541.0576171875,1,0.550000011920929,10,9,11,9,2,60,45
"299",163014,1991,3,16,24,1,7,2,3,7400,2270.22998046875,378.5,2648.72998046875,1,0.5,10,9,11,9,2,60,74
"300",163022,1991,3,16,38,1,0,4,1,5230,3717.28491210938,470.30029296875,4187.5849609375,1,0.5,10,9,11,9,2,60,74
"301",163024,1991,3,16,50,1,5,2,1,2320,1754.66247558594,189.430236816406,1944.0927734375,1,0.5,10,9,11,9,2,60,74
"302",163032,1991,3,16,42,1,0,7,13,23800,2230.61865234375,301.014099121094,2531.63256835938,1,0.5,10,9,11,9,2,60,74
"303",163034,1991,3,16,50,1,0,2,1,6900,2131.59033203125,500.834655761719,2632.42504882812,1,0.5,10,9,11,9,2,60,74
"304",163044,1991,3,16,36,1,0,5,16,21280,2003.34802246094,193.796661376953,2197.14477539062,1,0.5,10,9,11,9,2,60,74
"305",163054,1991,3,16,32,1,7,4,1,14100,2387.20751953125,3596.08349609375,5983.29150390625,1,0.5,10,9,11,9,2,60,74
"306",163082,1991,3,16,38,1,0,6,9,9000,2225.171875,221.485443115234,2446.65747070312,1,0.5,10,9,11,9,2,60,74
"307",163092,1991,3,16,60,1,0,6,1,4600,1822.53857421875,164.585403442383,1987.1240234375,1,0.5,10,9,11,9,2,60,74
"308",163102,1991,3,16,42,1,0,4,7,12700,2673.15258789062,590.924560546875,3264.0771484375,1,0.5,10,9,11,9,2,60,74
"309",163122,1991,3,16,32,1,0,4,1,8800,2703.48022460938,447.077911376953,3150.55810546875,1,0.5,10,9,11,9,2,60,74
"310",171013,1991,1,17,69,1,4,7,31,70100,3545.49243164062,795.359313964844,4340.85205078125,1,0,9,10,20,9,2.5,56,17
"311",171024,1991,1,17,45,1,0,7,9,7550,1601.787109375,209.26057434082,1811.04772949219,1,0,9,10,20,9,2.5,56,17
"312",171043,1991,1,17,52,1,0,3,37,59325,2671.70825195312,360.450439453125,3032.15893554688,1,0,9,10,20,9,2.5,56,17
"313",171073,1991,1,17,45,1,0,7,25,30920,2866.87744140625,506.310821533203,3373.18798828125,1,0,9,10,20,9,2.5,56,17
"314",171093,1991,1,17,65,1,0,8,20,33160,3230.16137695312,264.037994384766,3494.19921875,1,0,9,10,20,9,2.5,56,17
"315",171113,1991,1,17,32,1,2,4,40,62310,4001.06396484375,608.861694335938,4609.92529296875,1,0,9,10,20,9,2.5,56,17
"316",171123,1991,1,17,55,1,2,9,35,27500,2039.60754394531,220.328842163086,2259.93627929688,1,0,9,10,20,9,2.5,56,17
"317",172034,1991,2,17,40,1,0,6,44,30000,3051.52416992188,256.859436035156,3308.38403320312,1,0,9.5,10,20,9,2.75,56,46
"318",172073,1991,2,17,23,1,4,3,37,49800,5323.1982421875,898.781005859375,6221.97900390625,1,0,9.5,10,20,9,2.75,56,46
"319",172113,1991,2,17,56,1,3,7,26,23600,4135.6806640625,627.746765136719,4763.42724609375,1,0,9.5,10,20,9,2.75,56,46
"320",173013,1991,3,17,38,1,0,7,15,11500,2576.1044921875,487.251708984375,3063.35595703125,1,0,9,10,1,9,2.5,56,75
"321",173033,1991,3,17,48,1,2,3,31,26250,3766.38671875,788.554931640625,4554.94189453125,1,0,9,10,1,9,2.5,56,75
"322",173123,1991,3,17,40,1,5,7,15,15360,2360.59375,327.141662597656,2687.73510742188,1,0,9,10,1,9,2.5,56,75
"323",181013,1991,1,18,38,1,7,8,29,14161,2361.0244140625,401.986907958984,2763.01123046875,1,0.100000001490116,10,8,10,8,2,56,18
"324",181014,1991,1,18,45,0,0,5,1,8712,2594.30078125,529.816711425781,3124.11767578125,1,0.100000001490116,10,8,10,8,2,56,18
"325",181023,1991,1,18,22,1,0,3,2,3035,3798.15844726562,530.031799316406,4328.19091796875,1,0.100000001490116,10,8,10,8,2,56,18
"326",181024,1991,1,18,55,1,0,3,1,1,3106.40258789062,535.410339355469,3641.81298828125,1,0.100000001490116,10,8,10,8,2,56,18
"327",181034,1991,1,18,50,1,0,2,27,11861,4432.1474609375,981.802490234375,5413.9501953125,1,0.100000001490116,10,8,10,8,2,56,18
"328",181054,1991,1,18,30,1,0,4,24,12150,2792.29638671875,308.424743652344,3100.72119140625,1,0.100000001490116,10,8,10,8,2,56,18
"329",181083,1991,1,18,31,1,3,4,1,2130,3034.91674804688,419.680786132812,3454.59790039062,1,0.100000001490116,10,8,10,8,2,56,18
"330",181103,1991,1,18,35,1,0,4,1,32070,3535.31958007812,771.857666015625,4307.17724609375,1,0.100000001490116,10,8,10,8,2,56,18
"331",182023,1991,2,18,52,0,0,1,1,5300,3206.0498046875,505.454559326172,3711.50463867188,1,0.0500000007450581,10,9,10,8,2,56,47
"332",182024,1991,2,18,32,0,0,1,1,2550,2998.08984375,252.858245849609,3250.94799804688,1,0.0500000007450581,10,9,10,8,2,56,47
"333",182033,1991,2,18,26,1,0,4,4.5,4542,2005.94750976562,138.334411621094,2144.28173828125,1,0.0500000007450581,10,9,10,8,2,56,47
"334",182034,1991,2,18,24,1,0,2,6,4333,2450.95727539062,268.141815185547,2719.09912109375,1,0.0500000007450581,10,9,10,8,2,56,47
"335",182043,1991,2,18,38,1,0,5,34,22228,2124.65795898438,194.805709838867,2319.46337890625,1,0.0500000007450581,10,9,10,8,2,56,47
"336",182044,1991,2,18,45,1,0,5,2,2061,1711.6083984375,113.761352539062,1825.36962890625,1,0.0500000007450581,10,9,10,8,2,56,47
"337",182054,1991,2,18,33,0,0,4,2,2300,1308.4150390625,62.7954521179199,1371.21057128906,1,0.0500000007450581,10,9,10,8,2,56,47
"338",182103,1991,2,18,55,1,1,5,17,16464,3680.89208984375,532.432861328125,4213.3251953125,1,0.0500000007450581,10,9,10,8,2,56,47
"339",182123,1991,2,18,45,1,0,6,32,21227,2865.2265625,118.95240020752,2984.17895507812,1,0.0500000007450581,10,9,10,8,2,56,47
"340",183034,1991,3,18,60,1,0,4,2,3450,2954.76489257812,298.655487060547,3253.42016601562,1,0.0500000007450581,10,8,8,10,2,48,76
"341",183043,1991,3,18,32,1,1,6,8,22270,2443.53002929688,369.137176513672,2812.66723632812,1,0.0500000007450581,10,8,8,10,2,48,76
"342",183113,1991,3,18,34,1,0,3,47,30350,3746.16821289062,1509.74035644531,5255.90771484375,1,0.0500000007450581,10,8,8,10,2,48,76
"343",183123,1991,3,18,30,1,0,5,9,20920,2224.42944335938,493.167144775391,2717.5966796875,1,0.0500000007450581,10,8,8,10,2,48,76
"344",191023,1991,1,19,47,1,0,6,36,19250,2507.95239257812,245.876342773438,2753.82861328125,1,0,11,8,16,12,2.5,54,19
"345",191043,1991,1,19,43,1,0,5,42,73185,3570.25073242188,2214.35595703125,5784.6064453125,1,0,11,8,16,12,2.5,54,19
"346",191053,1991,1,19,30,1,4,3,6,35850,3327.35961914062,761.267578125,4088.626953125,1,0,11,8,16,12,2.5,54,19
"347",191143,1991,1,19,50,1,0,10,40,31908,2233.40380859375,311.118835449219,2544.52270507812,1,0,11,8,16,12,2.5,54,19
"348",192023,1991,2,19,63,1,6,3,25,60070,3862.85693359375,2005.98815917969,5868.84423828125,1,0,11,9,10,8,2.5,64,48
"349",192043,1991,2,19,57,1,2,7,44,72113,3273.51293945312,788.983459472656,4062.49633789062,1,0,11,9,10,8,2.5,64,48
"350",192053,1991,2,19,24,1,0,5,1,1762,2706.26538085938,653.233093261719,3359.49853515625,1,0,11,9,10,8,2.5,64,48
"351",192083,1991,2,19,38,1,4,7,6,33008,2562.36450195312,496.091705322266,3058.45629882812,1,0,11,9,10,8,2.5,64,48
"352",192103,1991,2,19,43,1,0,5,10,4972,3695.00415039062,1689.375,5384.37890625,1,0,11,9,10,8,2.5,64,48
"353",192123,1991,2,19,51,0,0,9,4,20085,2645.71337890625,394.174285888672,3039.88745117188,1,0,11,9,10,8,2.5,64,48
"354",193023,1991,3,19,55,1,0,5,4,7385,2519.98583984375,515.97802734375,3035.96435546875,0,0,11,9,10,8,2.5,64,77
"355",193034,1991,3,19,27,1,0,4,45,45090,2868.90283203125,791.118347167969,3660.02124023438,0,0,11,9,10,8,2.5,64,77
"356",193054,1991,3,19,53,1,0,3,3,3410,2677.48510742188,507.557373046875,3185.04272460938,0,0,11,9,10,8,2.5,64,77
"357",193064,1991,3,19,33,1,0,4,6,7357,2577.83740234375,427.958068847656,3005.79541015625,0,0,11,9,10,8,2.5,64,77
"358",201023,1991,1,20,45,1,0,3,1,11990,3997.45385742188,474.638916015625,4472.0927734375,1,0.990000009536743,8,8,10,8,2,48,20
"359",201053,1991,1,20,50,1,0,3,1,2010,2729.47485351562,293.08984375,3022.56469726562,1,0.990000009536743,8,8,10,8,2,48,20
"360",201054,1991,1,20,54,1,4,6,3,17410,2264.16455078125,236.009918212891,2500.17456054688,1,0.990000009536743,8,8,10,8,2,48,20
"361",201063,1991,1,20,32,1,0,3,11,8300,2715.03344726562,234.727951049805,2949.76147460938,1,0.990000009536743,8,8,10,8,2,48,20
"362",201093,1991,1,20,30,1,0,3,1,3070,2946.09985351562,165.267684936523,3111.36743164062,1,0.990000009536743,8,8,10,8,2,48,20
"363",201103,1991,1,20,40,1,2,6,1,7250,2643.28125,333.049224853516,2976.33032226562,1,0.990000009536743,8,8,10,8,2,48,20
"364",201113,1991,1,20,36,1,0,7,1,5600,2743.09130859375,159.373382568359,2902.46484375,1,0.990000009536743,8,8,10,8,2,48,20
"365",201123,1991,1,20,30,1,4,3,1,4275,3789.4931640625,354.925659179688,4144.41943359375,1,0.990000009536743,8,8,10,8,2,48,20
"366",202013,1991,2,20,35,1,0,6,5,44910,2905.66333007812,1513.1376953125,4418.80078125,1,0.600000023841858,8,7.5,10,10,2,50,49
"367",202033,1991,2,20,48,1,0,7,10,21700,2431.15112304688,240.448135375977,2671.59912109375,1,0.600000023841858,8,7.5,10,10,2,50,49
"368",202053,1991,2,20,45,0,0,5,1,5210,2935.70190429688,257.932800292969,3193.63500976562,1,0.600000023841858,8,7.5,10,10,2,50,49
"369",202063,1991,2,20,35,1,5,7,1,8700,2382.08740234375,360.847106933594,2742.93432617188,1,0.600000023841858,8,7.5,10,10,2,50,49
"370",202073,1991,2,20,38,1,0,5,30,32940,2464.32568359375,237.36572265625,2701.69140625,1,0.600000023841858,8,7.5,10,10,2,50,49
"371",202083,1991,2,20,50,1,0,4,15,17775,2088.26489257812,257.295288085938,2345.56030273438,1,0.600000023841858,8,7.5,10,10,2,50,49
"372",202093,1991,2,20,55,1,0,6,5,23050,2351.10327148438,179.219970703125,2530.3232421875,1,0.600000023841858,8,7.5,10,10,2,50,49
"373",202103,1991,2,20,45,1,5,6,5,13700,2434.86499023438,230.308776855469,2665.173828125,1,0.600000023841858,8,7.5,10,10,2,50,49
"374",202113,1991,2,20,28,1,0,4,1,2680,2062.27001953125,224.875518798828,2287.1455078125,1,0.600000023841858,8,7.5,10,10,2,50,49
"375",203034,1991,3,20,20,1,0,2,20,4850,2794.46240234375,525.673950195312,3320.13647460938,1,0.949999988079071,8,7,10,8,2,50,78
"376",203044,1991,3,20,30,1,0,3,1,3100,2192.24487304688,180.185119628906,2372.42993164062,1,0.949999988079071,8,7,10,8,2,50,78
"377",203073,1991,3,20,45,1,0,3,3,11630,3440.79272460938,1116.69738769531,4557.48974609375,1,0.949999988079071,8,7,10,8,2,50,78
"378",203083,1991,3,20,35,1,0,4,2,21250,2959.09741210938,387.360717773438,3346.45849609375,1,0.949999988079071,8,7,10,8,2,50,78
"379",203093,1991,3,20,50,1,3,5,3,6405,2821.32373046875,379.4599609375,3200.78393554688,1,0.949999988079071,8,7,10,8,2,50,78
"380",203103,1991,3,20,32,1,0,5,1,2775,2221.70629882812,263.918395996094,2485.62451171875,1,0.949999988079071,8,7,10,8,2,50,78
"381",203123,1991,3,20,41,1,2,4,3,22250,3184.82080078125,397.888671875,3582.7099609375,1,0.949999988079071,8,7,10,8,2,50,78
"382",211014,1991,1,21,50,1,0,7,49,54500,2843.03198242188,2481.0654296875,5324.09765625,0,0.769999980926514,8,8.5,12,9,2,56,21
"383",211023,1991,1,21,60,1,4,9,15,20420,3283.07299804688,638.346374511719,3921.41967773438,0,0.769999980926514,8,8.5,12,9,2,56,21
"384",211024,1991,1,21,51,1,4,6,17,21360,3107.84643554688,525.932067871094,3633.77905273438,0,0.769999980926514,8,8.5,12,9,2,56,21
"385",211033,1991,1,21,30,1,5,3,5,32100,2946.10034179688,2631.56665039062,5577.66748046875,0,0.769999980926514,8,8.5,12,9,2,56,21
"386",211034,1991,1,21,47,1,0,5,20,21011,2938.802734375,306.447357177734,3245.25024414062,0,0.769999980926514,8,8.5,12,9,2,56,21
"387",211043,1991,1,21,25,1,0,3,2,2840,2800.2392578125,313.170959472656,3113.41040039062,0,0.769999980926514,8,8.5,12,9,2,56,21
"388",211053,1991,1,21,32,1,3,5,8,12350,2485.1220703125,415.064361572266,2900.18627929688,0,0.769999980926514,8,8.5,12,9,2,56,21
"389",211063,1991,1,21,35,1,0,6,4,20170,2362.65673828125,478.920043945312,2841.57690429688,0,0.769999980926514,8,8.5,12,9,2,56,21
"390",211123,1991,1,21,55,1,0,3,46,38700,3078.55078125,717.140869140625,3795.69189453125,0,0.769999980926514,8,8.5,12,9,2,56,21
"391",212014,1991,2,21,40,1,0,4,2,2965,2172.74877929688,152.710571289062,2325.45947265625,1,0.899999976158142,9,7,12,8,2.09999990463257,48,50
"392",212023,1991,2,21,40,1,0,6,12,22970,2839.23217773438,1477.96667480469,4317.19873046875,1,0.899999976158142,9,7,12,8,2.09999990463257,48,50
"393",212034,1991,2,21,29,1,5,4,4.5,20758,2835.07983398438,706.005126953125,3541.0849609375,1,0.899999976158142,9,7,12,8,2.09999990463257,48,50
"394",212043,1991,2,21,25,1,0,4,1,9500,3050.080078125,2158.94140625,5209.02099609375,1,0.899999976158142,9,7,12,8,2.09999990463257,48,50
"395",212044,1991,2,21,55,1,0,4,30,28250,1969.12133789062,279.940460205078,2249.06176757812,1,0.899999976158142,9,7,12,8,2.09999990463257,48,50
"396",212053,1991,2,21,35,1,5,4,2,11120,2881.1123046875,399.799926757812,3280.91186523438,1,0.899999976158142,9,7,12,8,2.09999990463257,48,50
"397",212063,1991,2,21,24,1,5,3,1,7420,2812.65893554688,614.93994140625,3427.5986328125,1,0.899999976158142,9,7,12,8,2.09999990463257,48,50
"398",212073,1991,2,21,22,1,0,5,4,18825,2545.6533203125,300.053527832031,2845.70654296875,1,0.899999976158142,9,7,12,8,2.09999990463257,48,50
"399",212083,1991,2,21,40,1,5,3,2,22472,4892.25927734375,2944.53442382812,7836.7939453125,1,0.899999976158142,9,7,12,8,2.09999990463257,48,50
"400",212093,1991,2,21,53,1,0,4,1,4550,2491.1875,387.405090332031,2878.5927734375,1,0.899999976158142,9,7,12,8,2.09999990463257,48,50
"401",212103,1991,2,21,30,1,0,4,2,3300,2547.51025390625,655.09814453125,3202.60864257812,1,0.899999976158142,9,7,12,8,2.09999990463257,48,50
"402",212123,1991,2,21,45,1,0,3,8,16750,3737.50317382812,387.621307373047,4125.12451171875,1,0.899999976158142,9,7,12,8,2.09999990463257,48,50
"403",213014,1991,3,21,25,1,0,3,4,9545,2333.7734375,1069.65466308594,3403.42797851562,1,0.600000023841858,9,8,10,10,1.75,48,79
"404",213023,1991,3,21,55,1,5,4,32,32190,4346.3642578125,727.828552246094,5074.1923828125,1,0.600000023841858,9,8,10,10,1.75,48,79
"405",213033,1991,3,21,39,1,2,6,14,54605,3203.16186523438,328.168548583984,3531.33081054688,1,0.600000023841858,9,8,10,10,1.75,48,79
"406",213053,1991,3,21,20,1,10,3,3,4650,2056.49340820312,525.731323242188,2582.22485351562,1,0.600000023841858,9,8,10,10,1.75,48,79
"407",213063,1991,3,21,65,1,0,3,2,2190,2512.85034179688,303.328369140625,2816.1787109375,1,0.600000023841858,9,8,10,10,1.75,48,79
"408",213093,1991,3,21,50,1,0,9,20,18235,2278.27612304688,286.897369384766,2565.17333984375,1,0.600000023841858,9,8,10,10,1.75,48,79
"409",213103,1991,3,21,32,1,0,4,25,18170,2298.39111328125,205.585891723633,2503.97680664062,1,0.600000023841858,9,8,10,10,1.75,48,79
"410",213113,1991,3,21,45,1,0,3,2,6155,3488.05615234375,541.440673828125,4029.49633789062,1,0.600000023841858,9,8,10,10,1.75,48,79
"411",213123,1991,3,21,30,1,3,4,10,8810,3353.35498046875,1242.82604980469,4596.18115234375,1,0.600000023841858,9,8,10,10,1.75,48,79
"412",221014,1991,1,22,58,1,0,9,49,18580,1241.98327636719,110.47730255127,1352.46044921875,1,0.25,10,9,12,10,2.5,50,22
"413",221033,1991,1,22,36,1,0,6,5,12830,2251.45556640625,652.369445800781,2903.8251953125,1,0.25,10,9,12,10,2.5,50,22
"414",221034,1991,1,22,32,1,4,4,30,97380,2510.68383789062,613.890502929688,3124.57421875,1,0.25,10,9,12,10,2.5,50,22
"415",221044,1991,1,22,31,1,0,4,4,14260,2363.37890625,388.173522949219,2751.55249023438,1,0.25,10,9,12,10,2.5,50,22
"416",221053,1991,1,22,38,1,0,4,4,4480,2473.85766601562,624.141540527344,3097.99926757812,1,0.25,10,9,12,10,2.5,50,22
"417",221054,1991,1,22,49,1,3,7,28,23470,2876.77954101562,561.931396484375,3438.7109375,1,0.25,10,9,12,10,2.5,50,22
"418",221063,1991,1,22,36,1,0,5,1,51705,2739.87280273438,499.52197265625,3239.39477539062,1,0.25,10,9,12,10,2.5,50,22
"419",221093,1991,1,22,46,1,0,4,14,22150,2567.00610351562,408.092102050781,2975.09814453125,1,0.25,10,9,12,10,2.5,50,22
"420",221103,1991,1,22,32,1,0,6,3,11530,1763.32763671875,369.093109130859,2132.42065429688,1,0.25,10,9,12,10,2.5,50,22
"421",222013,1991,2,22,32,1,2,4,15,8400,2558.34130859375,420.772644042969,2979.11401367188,1,0.200000002980232,10,9,12,9,2.5,50,51
"422",222024,1991,2,22,28,1,0,4,21,20095,2991.59130859375,959.717468261719,3951.30859375,1,0.200000002980232,10,9,12,9,2.5,50,51
"423",222044,1991,2,22,42,1,0,7,1,1,1743.83129882812,147.04411315918,1890.87524414062,1,0.200000002980232,10,9,12,9,2.5,50,51
"424",222063,1991,2,22,45,1,4,6,1,1,1841.74609375,413.960144042969,2255.7060546875,1,0.200000002980232,10,9,12,9,2.5,50,51
"425",222064,1991,2,22,29,1,0,5,12,4370,2165.01220703125,452.875396728516,2617.88793945312,1,0.200000002980232,10,9,12,9,2.5,50,51
"426",222083,1991,2,22,41,1,0,4,14,19695,2727.30859375,408.217468261719,3135.52587890625,1,0.200000002980232,10,9,12,9,2.5,50,51
"427",222103,1991,2,22,25,0,0,3,45,50200,2420.42309570312,483.495697021484,2903.9189453125,1,0.200000002980232,10,9,12,9,2.5,50,51
"428",222143,1991,2,22,27,1,0,4,3,7350,2889.77783203125,570.305236816406,3460.0830078125,1,0.200000002980232,10,9,12,9,2.5,50,51
"429",223013,1991,3,22,36,1,0,6,7,12350,2364.10083007812,393.182250976562,2757.283203125,1,0.150000005960464,10,9,14,10,3,50,80
"430",223024,1991,3,22,28,1,0,4,4,13240,2523.68139648438,911.7353515625,3435.41674804688,1,0.150000005960464,10,9,14,10,3,50,80
"431",223033,1991,3,22,32,1,0,5,4,10900,1758.99487304688,472.151031494141,2231.14599609375,1,0.150000005960464,10,9,14,10,3,50,80
"432",223044,1991,3,22,22,1,0,3,5,12860,3237.82153320312,520.214233398438,3758.0361328125,1,0.150000005960464,10,9,14,10,3,50,80
"433",223054,1991,3,22,65,1,0,9,14,31750,2385.76318359375,629.771606445312,3015.53442382812,1,0.150000005960464,10,9,14,10,3,50,80
"434",223063,1991,3,22,27,1,6,6,14,53225,2332.3291015625,243.396591186523,2575.72583007812,1,0.150000005960464,10,9,14,10,3,50,80
"435",223064,1991,3,22,28,1,0,3,2,3035,2533.06811523438,585.809509277344,3118.8779296875,1,0.150000005960464,10,9,14,10,3,50,80
"436",223103,1991,3,22,37,1,0,3,33,44540,3211.8271484375,728.333251953125,3940.16088867188,1,0.150000005960464,10,9,14,10,3,50,80
"437",223113,1991,3,22,45,1,0,8,13,28285,2203.07641601562,378.482208251953,2581.55859375,1,0.150000005960464,10,9,14,10,3,50,80
"438",223123,1991,3,22,35,1,0,6,15,38540,2349.65893554688,540.20849609375,2889.86743164062,1,0.150000005960464,10,9,14,10,3,50,80
"439",223133,1991,3,22,32,1,6,7,43,55110,1834.50415039062,437.511993408203,2272.01611328125,1,0.150000005960464,10,9,14,10,3,50,80
"440",223143,1991,3,22,68,1,5,2,1,5000,3038.5263671875,2358.21508789062,5396.74169921875,1,0.150000005960464,10,9,14,10,3,50,80
"441",231013,1991,1,23,48,1,0,6,4,63450,4296.01611328125,850.19189453125,5146.2080078125,1,0.200000002980232,10,11,16,8,3,48,23
"442",231023,1991,1,23,40,1,0,6,5,78090,2856.56176757812,496.049407958984,3352.61108398438,1,0.200000002980232,10,11,16,8,3,48,23
"443",231024,1991,1,23,40,1,2,7,8,177020,3671.48461914062,2256.40161132812,5927.88671875,1,0.200000002980232,10,11,16,8,3,48,23
"444",231033,1991,1,23,27,1,6,4,1,17725,4042.22241210938,456.685394287109,4498.90771484375,1,0.200000002980232,10,11,16,8,3,48,23
"445",231043,1991,1,23,53,0,0,4,3,23230,2096.93017578125,255.583312988281,2352.513671875,1,0.200000002980232,10,11,16,8,3,48,23
"446",231063,1991,1,23,37,1,0,5,3,32775,2544.04418945312,310.548370361328,2854.59252929688,1,0.200000002980232,10,11,16,8,3,48,23
"447",231073,1991,1,23,50,1,1,7,5,84350,5966.4716796875,2435.08325195312,8401.5537109375,1,0.200000002980232,10,11,16,8,3,48,23
"448",231083,1991,1,23,53,1,0,6,10,125620,4315.169921875,703.24951171875,5018.41943359375,1,0.200000002980232,10,11,16,8,3,48,23
"449",231113,1991,1,23,32,1,4,7,13,126240,2583.90307617188,1330.37463378906,3914.27758789062,1,0.200000002980232,10,11,16,8,3,48,23
"450",231123,1991,1,23,38,1,8,7,16,84550,3530.36865234375,2496.93994140625,6027.30859375,1,0.200000002980232,10,11,16,8,3,48,23
"451",232014,1991,2,23,30,1,2,4,2,12110,3313.1806640625,386.032073974609,3699.21264648438,1,0.300000011920929,10,11,16,7,2.5,48,52
"452",232024,1991,2,23,42,1,0,5,3,8210,2800.52807617188,349.118255615234,3149.646484375,1,0.300000011920929,10,11,16,7,2.5,48,52
"453",232033,1991,2,23,30,1,0,5,4,15380,3011.95361328125,501.569488525391,3513.52270507812,1,0.300000011920929,10,11,16,7,2.5,48,52
"454",232043,1991,2,23,52,1,3,10,15,115710,4186.09130859375,1980.89562988281,6166.98681640625,1,0.300000011920929,10,11,16,7,2.5,48,52
"455",232044,1991,2,23,55,1,0,7,35,75180,3975.99731445312,639.961364746094,4615.95849609375,1,0.300000011920929,10,11,16,7,2.5,48,52
"456",232054,1991,2,23,20,1,0,4,5,23020,4642.70703125,523.173217773438,5165.88037109375,1,0.300000011920929,10,11,16,7,2.5,48,52
"457",232093,1991,2,23,52,1,2,5,15,67950,3876.50415039062,2708.21630859375,6584.72021484375,1,0.300000011920929,10,11,16,7,2.5,48,52
"458",232103,1991,2,23,32,1,5,4,1,34710,3054.41259765625,455.268920898438,3509.68139648438,1,0.300000011920929,10,11,16,7,2.5,48,52
"459",233013,1991,3,23,45,1,5,4,21,86650,3821.26489257812,1052.947265625,4874.21240234375,1,0.200000002980232,11,10,16,10,1.75,48,81
"460",233015,1991,3,23,35,1,9,5,21,34770,3944.74145507812,973.13818359375,4917.87939453125,1,0.200000002980232,11,10,16,10,1.75,48,81
"461",233043,1991,3,23,50,1,6,5,5,26600,3316.96215820312,505.654724121094,3822.61669921875,1,0.200000002980232,11,10,16,10,1.75,48,81
"462",233044,1991,3,23,27,1,2,3,2,54800,4263.1796875,508.690277099609,4771.86962890625,1,0.200000002980232,11,10,16,10,1.75,48,81
"463",233054,1991,3,23,28,1,0,4,3,13080,4442.7822265625,627.640930175781,5070.42333984375,1,0.200000002980232,11,10,16,10,1.75,48,81
"464",233083,1991,3,23,42,1,0,5,15,86600,2925.30395507812,433.24658203125,3358.55029296875,1,0.200000002980232,11,10,16,10,1.75,48,81
"465",233093,1991,3,23,37,1,0,7,12,66540,2656.44140625,333.704315185547,2990.14575195312,1,0.200000002980232,11,10,16,10,1.75,48,81
"466",241024,1991,1,24,75,0,0,2,47,59200,3673.96020507812,877.307189941406,4551.26708984375,1,0.800000011920929,9,9,14,10,2.5,56,24
"467",241054,1991,1,24,28,1,0,3,8,14600,2437.75317382812,559.821716308594,2997.57495117188,1,0.800000011920929,9,9,14,10,2.5,56,24
"468",241063,1991,1,24,38,1,1,4,8,36000,2634.15991210938,367.042877197266,3001.20263671875,1,0.800000011920929,9,9,14,10,2.5,56,24
"469",241073,1991,1,24,65,1,1,4,3,19850,2330.88500976562,488.01416015625,2818.89916992188,1,0.800000011920929,9,9,14,10,2.5,56,24
"470",241093,1991,1,24,55,1,0,5,17,28330,2206.32543945312,591.078002929688,2797.4033203125,1,0.800000011920929,9,9,14,10,2.5,56,24
"471",241103,1991,1,24,33,1,4,4,15,24800,2088.26489257812,597.955993652344,2686.220703125,1,0.800000011920929,9,9,14,10,2.5,56,24
"472",242013,1991,2,24,50,1,5,10,14,219900,2121.19189453125,407.250305175781,2528.4423828125,1,0.75,9,9,12,10,2.5,56,53
"473",242014,1991,2,24,28,1,5,5,14,33400,2436.59790039062,844.753234863281,3281.35107421875,1,0.75,9,9,12,10,2.5,56,53
"474",242044,1991,2,24,52,1,0,3,7,12860,2339.5498046875,280.826293945312,2620.37622070312,1,0.75,9,9,12,10,2.5,56,53
"475",242063,1991,2,24,38,1,10,6,43,107560,1796.54333496094,581.815185546875,2378.3583984375,1,0.75,9,9,12,10,2.5,56,53
"476",243013,1991,3,24,35,1,1,4,1,12820,2573.50537109375,380.732391357422,2954.23779296875,1,0.200000002980232,9,8,12,10,2.5,55,82
"477",243014,1991,3,24,60,1,0,4,9,26800,3324.30200195312,842.187561035156,4166.48974609375,1,0.200000002980232,9,8,12,10,2.5,55,82
"478",243023,1991,3,24,35,1,2,4,5,344960,3556.982421875,2317.77783203125,5874.76025390625,1,0.200000002980232,9,8,12,10,2.5,55,82
"479",243024,1991,3,24,35,1,14,3,2,6700,2784.353515625,572.246337890625,3356.59985351562,1,0.200000002980232,9,8,12,10,2.5,55,82
"480",243063,1991,3,24,35,1,3,5,28,88050,2980.759765625,2914.64501953125,5895.4052734375,1,0.200000002980232,9,8,12,10,2.5,55,82
"481",243083,1991,3,24,24,1,2,5,1,10650,2551.50952148438,327.138305664062,2878.64819335938,1,0.200000002980232,9,8,12,10,2.5,55,82
"482",243123,1991,3,24,38,1,2,2,19,89200,3028.41748046875,697.606506347656,3726.02416992188,1,0.200000002980232,9,8,12,10,2.5,55,82
"483",251014,1991,1,25,60,1,0,2,5,9305,3821.26489257812,469.026092529297,4290.291015625,1,0.600000023841858,10.5,8,16,8,2.75,55,25
"484",251034,1991,1,25,55,1,4,4,23,27700,3440.0048828125,517.693359375,3957.69799804688,1,0.600000023841858,10.5,8,16,8,2.75,55,25
"485",251044,1991,1,25,55,1,2,7,1,8180,3312.505859375,332.674346923828,3645.18017578125,1,0.600000023841858,10.5,8,16,8,2.75,55,25
"486",251064,1991,1,25,50,1,4,12,49,54740,2065.158203125,171.480667114258,2236.63891601562,1,0.600000023841858,10.5,8,16,8,2.75,55,25
"487",251114,1991,1,25,50,1,1,8,47,78880,2965.59619140625,793.877624511719,3759.4736328125,1,0.600000023841858,10.5,8,16,8,2.75,55,25
"488",251124,1991,1,25,38,1,0,8,3,13940,2311.388671875,424.012145996094,2735.40112304688,1,0.600000023841858,10.5,8,16,8,2.75,55,25
"489",251134,1991,1,25,30,1,0,2,1,1,3010.69384765625,573.611999511719,3584.30590820312,1,0.600000023841858,10.5,8,16,8,2.75,55,25
"490",251164,1991,1,25,35,1,1,6,8,15650,2533.068359375,221.330123901367,2754.3984375,1,0.600000023841858,10.5,8,16,8,2.75,55,25
"491",252094,1991,2,25,35,1,0,3,3,9375,5487.83349609375,2071.34619140625,7559.17822265625,1,0.600000023841858,10,10,14,8,2.5,60,54
"492",252104,1991,2,25,45,1,0,8,2,6050,2761.96850585938,592.24853515625,3354.216796875,1,0.600000023841858,10,10,14,8,2.5,60,54
"493",252134,1991,2,25,30,1,0,5,15,18400,1990.47436523438,301.205902099609,2291.68041992188,1,0.600000023841858,10,10,14,8,2.5,60,54
"494",252154,1991,2,25,23,1,1,8,12,13770,1960.45629882812,390.885559082031,2351.341796875,1,0.600000023841858,10,10,14,8,2.5,60,54
"495",253014,1991,3,25,55,1,2,5,17,34990,2415.80200195312,752.910827636719,3168.71240234375,1,0.800000011920929,10,10,14,8,2.5,48,83
"496",253024,1991,3,25,40,1,4,8,15,29414,2597.33374023438,1374.39208984375,3971.7255859375,1,0.800000011920929,10,10,14,8,2.5,48,83
"497",253054,1991,3,25,45,1,8,4,7,23340,2928.77001953125,597.587463378906,3526.357421875,1,0.800000011920929,10,10,14,8,2.5,48,83
"498",253104,1991,3,25,55,1,2,6,30,37930,2700.591796875,1621.8388671875,4322.4306640625,1,0.800000011920929,10,10,14,8,2.5,48,83
"499",253124,1991,3,25,38,1,2,6,16,19825,2437.75341796875,441.201080322266,2878.95483398438,1,0.800000011920929,10,10,14,8,2.5,48,83
"500",253134,1991,3,25,60,1,0,4,24,30705,3379.349609375,1776.71350097656,5156.0634765625,1,0.800000011920929,10,10,14,8,2.5,48,83
"501",253144,1991,3,25,45,1,2,9,21,35910,3117.47436523438,1167.18151855469,4284.65576171875,1,0.800000011920929,10,10,14,8,2.5,48,83
"502",253154,1991,3,25,30,1,5,6,33,45370,3082.70141601562,1194.80895996094,4277.509765625,1,0.800000011920929,10,10,14,8,2.5,48,83
"503",253174,1991,3,25,60,1,5,7,33,36255,1663.68005371094,731.746215820312,2395.42626953125,1,0.800000011920929,10,10,14,8,2.5,48,83
"504",261024,1991,1,26,33,1,0,6,34,33300,2633.14086914062,576.583435058594,3209.72436523438,1,0.5,10,9,10,9,2.5,50,26
"505",261054,1991,1,26,33,1,0,7,5,6000,2246.71069335938,212.534759521484,2459.24560546875,1,0.5,10,9,10,9,2.5,50,26
"506",261084,1991,1,26,30,1,0,5,8,9120,1805.78588867188,537.039001464844,2342.82470703125,1,0.5,10,9,10,9,2.5,50,26
"507",261124,1991,1,26,40,1,8,6,4,4170,2235.56982421875,422.612640380859,2658.18237304688,1,0.5,10,9,10,9,2.5,50,26
"508",261134,1991,1,26,33,1,0,4,27,35150,3706.8876953125,2293.63891601562,6000.52685546875,1,0.5,10,9,10,9,2.5,50,26
"509",261144,1991,1,26,29,1,0,4,4,6110,3756.27734375,1010.88623046875,4767.16357421875,1,0.5,10,9,10,9,2.5,50,26
"510",261164,1991,1,26,32,1,8,4,37,39020,4280.51025390625,854.645446777344,5135.15576171875,1,0.5,10,9,10,9,2.5,50,26
"511",262014,1991,2,26,51,1,0,8,3,6250,3281.86889648438,523.406860351562,3805.27587890625,1,0.25,10,9,10,8,2,60,55
"512",262034,1991,2,26,65,1,3,6,8,8670,2344.7490234375,527.91455078125,2872.66333007812,1,0.25,10,9,10,8,2,60,55
"513",262044,1991,2,26,42,1,0,8,16,20250,1767.66003417969,1729.34289550781,3497.0029296875,1,0.25,10,9,10,8,2,60,55
"514",262064,1991,2,26,50,1,0,7,5,6500,2264.04052734375,707.714294433594,2971.75512695312,1,0.25,10,9,10,8,2,60,55
"515",262084,1991,2,26,45,0,0,1,2,4850,4055.21948242188,7915.46630859375,11970.685546875,1,0.25,10,9,10,8,2,60,55
"516",262094,1991,2,26,40,1,0,7,8,6300,3391.72875976562,1112.45544433594,4504.1845703125,1,0.25,10,9,10,8,2,60,55
"517",262154,1991,2,26,50,1,0,7,8,10950,2760.42163085938,1729.93640136719,4490.3583984375,1,0.25,10,9,10,8,2,60,55
"518",263024,1991,3,26,37,1,0,5,8,5400,2329.15185546875,526.383911132812,2855.53564453125,0,0,10,9,10,9,2.5,55,84
"519",263034,1991,3,26,25,1,0,3,10,2730,2674.59643554688,664.059692382812,3338.65600585938,0,0,10,9,10,9,2.5,55,84
"520",263044,1991,3,26,28,1,0,3,10,2540,2905.66333007812,634.185485839844,3539.84936523438,0,0,10,9,10,9,2.5,55,84
"521",263084,1991,3,26,30,0,0,2,4,3020,1992.94982910156,558.795715332031,2551.74560546875,0,0,10,9,10,9,2.5,55,84
"522",263114,1991,3,26,35,1,0,4,24,6820,2987.42504882812,1894.78100585938,4882.20654296875,0,0,10,9,10,9,2.5,55,84
"523",263154,1991,3,26,28,1,0,3,5,6095,3557.6015625,933.730346679688,4491.33251953125,0,0,10,9,10,9,2.5,55,84
"524",271054,1991,1,27,55,1,0,6,25,63885,3051.5244140625,275.719329833984,3327.24389648438,1,0.899999976158142,10,8,12,8,2.5,52,27
"525",271064,1991,1,27,25,1,0,6,33,55650,2862.33813476562,456.443603515625,3318.78198242188,1,0.899999976158142,10,8,12,8,2.5,52,27
"526",271074,1991,1,27,44,1,0,8,34,76200,2337.38354492188,152.60400390625,2489.9873046875,1,0.899999976158142,10,8,12,8,2.5,52,27
"527",271084,1991,1,27,25,1,6,5,45,66325,3036.21606445312,537.1455078125,3573.361328125,1,0.899999976158142,10,8,12,8,2.5,52,27
"528",271094,1991,1,27,30,1,5,4,2,9930,3379.34985351562,978.612976074219,4357.962890625,1,0.899999976158142,10,8,12,8,2.5,52,27
"529",271134,1991,1,27,50,1,0,7,3,27020,3641.6630859375,475.732635498047,4117.3955078125,1,0.899999976158142,10,8,12,8,2.5,52,27
"530",271154,1991,1,27,45,1,0,5,25,58000,2915.15356445312,684.995971679688,3600.14916992188,1,0.899999976158142,10,8,12,8,2.5,52,27
"531",272024,1991,2,27,35,1,6,3,8,75915,3564.20336914062,815.291015625,4379.494140625,1,0.75,11,9,12,8,2.5,50,56
"532",272034,1991,2,27,54,1,4,15,13,247600,3155.21533203125,722.617492675781,3877.8330078125,1,0.75,11,9,12,8,2.5,50,56
"533",272044,1991,2,27,34,1,9,4,5,41400,3578.64501953125,436.11376953125,4014.7587890625,1,0.75,11,9,12,8,2.5,50,56
"534",272054,1991,2,27,40,1,0,5,3,16400,2270.22998046875,180.831161499023,2451.06103515625,1,0.75,11,9,12,8,2.5,50,56
"535",272074,1991,2,27,33,1,7,5,7,30515,3001.55615234375,439.227203369141,3440.783203125,1,0.75,11,9,12,8,2.5,50,56
"536",272134,1991,2,27,27,1,0,4,4,17350,2738.14013671875,387.870666503906,3126.0107421875,1,0.75,11,9,12,8,2.5,50,56
"537",272154,1991,2,27,26,1,0,4,32,51670,2821.63916015625,638.834716796875,3460.47412109375,1,0.75,11,9,12,8,2.5,50,56
"538",272164,1991,2,27,49,1,5,5,14,89650,3569.97998046875,2726.69580078125,6296.67578125,1,0.75,11,9,12,8,2.5,50,56
"539",273014,1991,3,27,36,1,2,4,10,18000,4867.56396484375,1683.99462890625,6551.55908203125,1,0.300000011920929,10,8,10,8,2.75,54,85
"540",273034,1991,3,27,52,1,2,3,7,7150,2940.3232421875,400.835723876953,3341.1591796875,1,0.300000011920929,10,8,10,8,2.75,54,85
"541",273044,1991,3,27,35,1,0,8,14,4170,1832.64758300781,110.397155761719,1943.04467773438,1,0.300000011920929,10,8,10,8,2.75,54,85
"542",273064,1991,3,27,36,1,0,1,14,6920,4293.50732421875,787.249145507812,5080.75634765625,1,0.300000011920929,10,8,10,8,2.75,54,85
"543",273104,1991,3,27,35,1,0,3,3,3650,2946.09985351562,389.580322265625,3335.68041992188,1,0.300000011920929,10,8,10,8,2.75,54,85
"544",273124,1991,3,27,29,1,0,3,6,5650,3298.4765625,731.310791015625,4029.787109375,1,0.300000011920929,10,8,10,8,2.75,54,85
"545",273134,1991,3,27,36,1,0,6,12,12250,2276.00659179688,150.651168823242,2426.65747070312,1,0.300000011920929,10,8,10,8,2.75,54,85
"546",281014,1991,1,28,31,1,0,4,33,21050,3041.41528320312,1015.61120605469,4057.02612304688,1,0.899999976158142,9,9,10,9,2.75,50,28
"547",281034,1991,1,28,39,1,0,5,7,9350,2429.666015625,327.095092773438,2756.76098632812,1,0.899999976158142,9,9,10,9,2.75,50,28
"548",281114,1991,1,28,39,1,0,4,3,11800,4306.5048828125,1763.70446777344,6070.20947265625,1,0.899999976158142,9,9,10,9,2.75,50,28
"549",281134,1991,1,28,52,1,0,2,7,6325,5558.59814453125,1556.58325195312,7115.181640625,1,0.899999976158142,9,9,10,9,2.75,50,28
"550",281144,1991,1,28,35,1,4,5,31,23800,3458.8642578125,934.418273925781,4393.283203125,1,0.899999976158142,9,9,10,9,2.75,50,28
"551",282024,1991,2,28,33,1,5,4,49,40350,4644.439453125,1396.60229492188,6041.041015625,1,0.600000023841858,9,10,10,8,2.5,52,57
"552",282044,1991,2,28,44,1,9,6,36,20940,3798.158203125,531.323303222656,4329.48095703125,1,0.600000023841858,9,10,10,8,2.5,52,57
"553",282074,1991,2,28,34,1,5,8,34,13050,2842.1201171875,763.008178710938,3605.12817382812,1,0.600000023841858,9,10,10,8,2.5,52,57
"554",282124,1991,2,28,33,1,5,4,4,6570,3271.03759765625,788.201782226562,4059.23950195312,1,0.600000023841858,9,10,10,8,2.5,52,57
"555",282134,1991,2,28,43,1,0,5,11,5700,3419.10717773438,891.880798339844,4310.98828125,1,0.600000023841858,9,10,10,8,2.5,52,57
"556",282144,1991,2,28,23,1,6,2,5,6750,4869.73046875,2307.10668945312,7176.83740234375,1,0.600000023841858,9,10,10,8,2.5,52,57
"557",282154,1991,2,28,25,1,0,5,4,11450,3061.63354492188,587.439208984375,3649.07299804688,1,0.600000023841858,9,10,10,8,2.5,52,57
"558",282164,1991,2,28,21,1,0,3,3,3890,2891.94360351562,1106.78662109375,3998.72998046875,1,0.600000023841858,9,10,10,8,2.5,52,57
"559",283064,1991,3,28,43,1,2,8,9,4520,1919.83898925781,354.745361328125,2274.58422851562,1,0.300000011920929,9,9,12,9,2.75,50,86
"560",283084,1991,3,28,26,1,0,3,1,5600,4009.728515625,1622.19067382812,5631.919921875,1,0.300000011920929,9,9,12,9,2.75,50,86
"561",283094,1991,3,28,42,1,0,5,3,2390,2379.40893554688,441.244323730469,2820.65307617188,1,0.300000011920929,9,9,12,9,2.75,50,86
"562",283104,1991,3,28,29,1,0,5,10,10825,3709.85791015625,807.489196777344,4517.34765625,1,0.300000011920929,9,9,12,9,2.75,50,86
"563",283114,1991,3,28,28,1,0,2,5,3230,5801.216796875,1407.39172363281,7208.6083984375,1,0.300000011920929,9,9,12,9,2.75,50,86
"564",283144,1991,3,28,41,1,6,5,11.5,10215,2817.85791015625,621.995422363281,3439.853515625,1,0.300000011920929,9,9,12,9,2.75,50,86
"565",291014,1991,1,29,28,1,5,4,15,20650,3340.35766601562,1069.61108398438,4409.96923828125,1,0.5,9,7,10,8,2.5,60,29
"566",291134,1991,1,29,33,1,1,7,35,23920,2115.498046875,206.212203979492,2321.71044921875,1,0.5,9,7,10,8,2.5,60,29
"567",291144,1991,1,29,32,1,4,5,25,15003,2651.48974609375,310.256286621094,2961.74633789062,1,0.5,9,7,10,8,2.5,60,29
"568",292014,1991,2,29,52,1,0,4,3,3990,2382.08740234375,839.948608398438,3222.03564453125,1,0.449999988079071,8.5,7.5,11,8,2.5,62,58
"569",292034,1991,2,29,52,1,0,8,5,13700,2209.57470703125,166.634811401367,2376.20922851562,1,0.449999988079071,8.5,7.5,11,8,2.5,62,58
"570",292044,1991,2,29,32,1,0,3,1,3330,2836.34350585938,330.341583251953,3166.6845703125,1,0.449999988079071,8.5,7.5,11,8,2.5,62,58
"571",292064,1991,2,29,27,1,0,5,14,11715,2287.56005859375,239.163665771484,2526.72387695312,1,0.449999988079071,8.5,7.5,11,8,2.5,62,58
"572",292094,1991,2,29,52,1,0,4,44,30205,2365.544921875,346.444091796875,2711.9892578125,1,0.449999988079071,8.5,7.5,11,8,2.5,62,58
"573",292144,1991,2,29,43,0,0,2,4,4395,2027.60998535156,181.311065673828,2208.9208984375,1,0.449999988079071,8.5,7.5,11,8,2.5,62,58
"574",293014,1991,3,29,29,1,5,3,1,3579,2512.84985351562,792.656982421875,3305.5068359375,1,0.649999976158142,8,8,12,10,2.5,64,87
"575",293024,1991,3,29,54,1,0,6,47,25247,2645.712890625,759.731750488281,3405.44458007812,1,0.649999976158142,8,8,12,10,2.5,64,87
"576",293044,1991,3,29,52,1,0,3,3,6787,2225.46069335938,321.064117431641,2546.52514648438,1,0.649999976158142,8,8,12,10,2.5,64,87
"577",293074,1991,3,29,38,1,0,4,3,12132,2361.21240234375,545.040161132812,2906.2529296875,1,0.649999976158142,8,8,12,10,2.5,64,87
"578",293084,1991,3,29,32,1,4,3,4,9090,2322.2197265625,652.617248535156,2974.83666992188,1,0.649999976158142,8,8,12,10,2.5,64,87
"579",293094,1991,3,29,32,1,7,5,2,3978,2336.08422851562,906.632446289062,3242.71606445312,1,0.649999976158142,8,8,12,10,2.5,64,87
"580",293104,1991,3,29,37,0,0,2,31,9382,2270.23022460938,568.615478515625,2838.845703125,1,0.649999976158142,8,8,12,10,2.5,64,87
"581",293124,1991,3,29,28,1,0,4,26,11331,1717.83618164062,288.475982666016,2006.31225585938,1,0.649999976158142,8,8,12,10,2.5,64,87
"582",293134,1991,3,29,34,1,0,6,48,28597,2024.72155761719,282.577545166016,2307.29907226562,1,0.649999976158142,8,8,12,10,2.5,64,87
"583",293154,1991,3,29,26,1,0,2,9,6330,3464.76245117188,617.815307617188,4082.57739257812,1,0.649999976158142,8,8,12,10,2.5,64,87
